N4,文字,表記,1章,易,あには　アメリカに　りゅう学しています。,あに,兄,姉,妹,弟,学　がく,
N4,文字,表記,1章,易,山田さんしまいは　よく　おそろいの　ふくを　きています。 ,しまい,姉妹,姉弟,妹姉,妹弟,,山田　やまだ,
N4,文字,表記,1章,易,むすめは　しりつの　高校に　かよっています。,しりつ,私立,子立,家立,姉立,,高校　こうこう,
N4,文字,表記,1章,易,川田さんの　いえは　南むきで　大きな　門が　あります。,いえ,家,族,内,校,,川田　かわた,南　みなみ,大　おお,門　もん,
N4,文字,表記,1章,易,母は　よく　いくじを　手つだってくれます。,いくじ,育じ,子じ,家じ,生じ,母　はは,手　て,
N4,文字,表記,1章,易,おとうとは　今年　小学生に　なりました。,おとうと,弟,妹,姉,兄,,今年　ことし,小学生　しょうがくせい,
N4,文字,表記,1章,易,となりは　かぞくが　多いので　いつも　にぎやかです。,かぞく,五人家族,五入家族,五人学族,五入学族,,多　おお,
N4,文字,表記,1章,易,上田さんの　おねえさんは　きれいな　人です。,おねえさん,お姉さん,お妹さん,お母さん,お兄さん,上田　うえだ,人　ひと,
N4,文字,表記,1章,易,まい月　25日までに　やちんを　はらいます。,やちん,家ちん,学ちん,族ちん,間ちん,,月　つき,日　にち,
N4,文字,表記,1章,易,ベランダで　トマトを　そだてています。,そだてて,育てて,長てて,食てて,弟てて,
N4,文字,漢字読み,1章,易,となりの　兄弟は　よく　けんかを　します。,兄弟,きょうだい,ぎょうたい,きょうたい,ぎょうだい,
N4,文字,漢字読み,1章,易,姉は　けっこんして　が　かわりました。,姉,あね,ねえ,あに,にい,
N4,文字,漢字読み,1章,易,２年前に　家を　新しく　たてました。,家,いえ,か,や,うち,年　ねん,前　まえ,新　あたら,
N4,文字,漢字読み,1章,易,お兄さんは　何時(なんじ)に　帰(かえ)って来(き)ますか。,お兄さん,おにいさん,おあにさん,おねえさん,おあねさん,何時　なんじ,帰　かえ,来　き,
N4,文字,漢字読み,1章,易,妹は　おこられると　すぐ　なきます。　,妹,いもうと,いもおと,いもとお,いもとう,
N4,文字,漢字読み,1章,易,今日の　体育は　校ていで　サッカーを　します。,体育,たいいく,たいく,きゅういく,きゅいく,今日　きょう,校　こう,
N4,文字,漢字読み,1章,易,大家さんは　アパートの　一かいに　住んでいます。,大家さん,おおやさん,おおかさん,だいやさん,だいかさん,一　いっ,住　す,
N4,文字,漢字読み,1章,易,山川さんは　いなかで　育ちました。,育ちました,そだちました,そたちました,いくちました,いいくちました,,山川　やまかわ,
N4,文字,漢字読み,1章,易,水族かんで　めずらしい　魚や　貝を　見ました。,水族かん,そだちました,そたちました,いくちました,いいくちました,魚　さかな,貝　かい,見　み,
N4,文字,漢字読み,1章,易,しょうらいは　まんが家に　なるつもりです。,まんが家,まんが家,まんがか,まんがや,まんがけ,まんがいえ,
N4,文字,表記,1章,易,私は　せが　ひくくて　高い所が　とどきません。,ひくくて,低くて,下くて,広くて,近くて,,私　わたし,高　たか,
N4,文字,表記,1章,易,家の　ちかくに　古い　お寺が　あります。 ,ちかく　,近く,広く,遠く,屋く,家　いえ,古　ふる,寺　てら,
N4,文字,表記,1章,易,ぶちょうは　今　外出中で　せきを　外しております。,ぶちょう,部長,部上,部町,部鳥,,今　いま,外　がい,出　しゅつ,中　ちゅう,外　はず,
N4,文字,表記,1章,易,家の　まえの　みちは　せまいですから　ひろげました。,ひろげました,広げないで,近げないで,低げないで,元げないで,,家　いえ,
N4,文字,表記,1章,易,テスト中は　しずかに　してください。,しずかに,静かに,低かに,広かに,屋かに,,中　ちゅう,
N4,文字,表記,1章,易,学校の　帰りに　ほんやで　ざっしを　買いました。,ほんや,本屋,木屋,読屋,書屋,,学校　がっこう,帰　かえ,買　か,
N4,文字,表記,1章,易,家から　かいしゃまで　とおくて　１時間　かかります。,とおくて,遠くて,近くて,広くて,長くて,,家　いえ,時間　じかん,
N4,文字,表記,1章,易,５月は　しんりょくが　きれいな　きせつです。,しんりょく,新緑,新族,森緑,森族,,月　がつ,
N4,文字,表記,1章,易,私は　ぶんがくぶを　そつぎょうしました。,ぶんがくぶ,ぶん学部,ぶん字部,ぶん家部,ぶん方部,,私　わたし,
N4,文字,表記,1章,易,川上さんは　いつも　れいせいで　おちついています。,れいせい　,れい静,れい緑,れい遠,れい低,川上　かわかみ,
N4,文字,漢字読み,1章,易,今日は　あついですが　明日は　気おんが　低下します。,低下,ていか,ていげ,ていした,ていさげ,,今日　きょう,明日　あした,気　き,
N4,文字,漢字読み,1章,易,アフリカには　広大な　さばくが　あります。,広大な,こうだいな,こうたいな,ひろだいな,ひろたいな,
TN4,文字,漢字読み,1章,易,山田さんの　部屋は　広くて　きれいです。,広くて,ひろくて,ちかくて,こうくて,せまくて,山田　やまだ,部屋　へや,
N4,文字,漢字読み,1章,易,ぼう遠えんきょうで　月を　かんさつしました。,ぼう遠えんきょう,ぼうえんきょう,ぼうえきょう,ぼうとおきょう,ぼうときょう,,月　つき,
N4,文字,漢字読み,1章,易,田中さんが　けっこんするという　話が　広まっています。　,広まって,ひろがりました,ひろいがりました,ひいがりました,びろがりました,田中　たなか,話　はなし,
N4,文字,漢字読み,1章,易,このマンションの　屋上から　花火(はなび)が　見(み)えます。,屋上,おくじょう,おくじょ,おおくじょう,おおくじょ,花火　はなび,見　み,
N4,文字,漢字読み,1章,易,川田さんには　低学年の　子どもが　います。,低学年,ていがくねん,てえがくねん,ていがくとし,てえがくとし,川田　かわた,子　こ,
N4,文字,漢字読み,1章,易,さい近　あつい日が　つづいています。,さい近,さいきん,さいぎん,さいちか,さいぢか,,日　ひ,
N4,文字,漢字読み,1章,易,私の　弟は　サッカー部に　入っています。,サッカー部,サッカーぶ,サッカーべ,サッカーふ,サッカーへ,私　わたし,弟　おとうと,入　はい,
N4,文字,漢字読み,1章,易,３時の　休けいに　緑茶を　飲みました。 ,緑茶,りょくちゃ,りゃくちゃ,りょくちや,りゃくちや,,時　じ,休　きゅう,飲　の,
N4,文字,表記,1章,易,ここは　パソコンメーカーの　こうじょうです。,こうじょう,工場,高場,好場,校場,
N4,文字,表記,1章,易,こい人に　あげるために　ケーキを　つくりました。 ,つくりました,作りました,育りました,手りました,工りました,人　びと,
N4,文字,表記,1章,易,日本人の　友だちと　かいわの　れんしゅうをします。,かいわ,会話,会言,買話,買言,,日本人　にほんじん,友　とも,
N4,文字,表記,1章,易,さぎょう中は　この部屋に　入らないでください。,さぎょう　,作ぎょう,工ぎょう,働ぎょう,会ぎょう,,中　ちゅう,部屋　へや,入　はい,
N4,文字,表記,1章,易,まい日　９時から　６時まで　はたらいています。,はたらいて　,働いて,作いて,工いて,始いて,,日　にち,時　じ,
N4,文字,表記,1章,易,えきまえの　ひろばで　イベントを　行いました。,ひろば,広場,広土,低場,低土,行　おこな,
N4,文字,表記,1章,易,この小せつは　みんなが　しっている　めいさくです。,めいさく,名作,何作,明作,好作,小　しょう,
N4,文字,表記,1章,易,アニメの　かいしゃを　見学しました。,かいしゃ　,会社,家社,作社,工社,見学　けんがく,
N4,文字,表記,1章,易,３年まえに　日本語の　べんきょうを　はじめました。,はじめました,始めました,会めました,終めました,育めました,,年　ねん,日本語　にほんご,
N4,文字,表記,1章,易,しごとが　おわったら　カラオケへ　行きましょう。,おわったら,終わったら,始わったら,働わったら,会わったら,行　い,
N4,文字,漢字読み,1章,易,年始に　家族で　ハワイへ　行く　よていです。,年始,ねんし,ねんじ,としはじめ,どしはじめ,,家族　かぞく,行　い,
N4,文字,漢字読み,1章,易,ここは　今　工じ中なので　とおれません。,工じ中,こうじちゅう,こじちゅう,こうじなか,こおじなか,,今　いま,
N4,文字,漢字読み,1章,易,社長に　インタビューして　レポートを　書きました。,社長,しゃちょう,しゃちゃう,しゃちょ,しちょう,,書　か,
N4,文字,漢字読み,1章,易,国へ　帰って　むかしの　友だちと　会いました。,会いました,あいました,かいました,かいいました,あいいました,,国　くに,帰　かえ,友　とも,
N4,文字,漢字読み,1章,易,テストまえですから　終日　家で　べんきょうしました。　,終日,しゅうじつ,しゅうにち,しゅうひ,しゅうか,,家　いえ,
N4,文字,漢字読み,1章,易,好きな　ミステリー作家に　サインを　もらいました。,作家,さっか,さくいえ,さっけ,さくや,,好　す,
N4,文字,漢字読み,1章,易,このみせでは　本場の　フランスりょうりが　食べられます。,本場,ほんば,ほんじょう,ぽんば,ぼんじょう,,食　た,
N4,文字,漢字読み,1章,易,うんどう会で　100メートルきょうそうに　出場しました。,出場,しゅつじょう,しゅっじょう,しつじょう,しゅつじょ,,会　かい,
N4,文字,漢字読み,1章,易,パーティー会場は　このホテルの　三かいです。,会場,かいじょう,かいじょ,あいば,あうば,
N4,文字,漢字読み,1章,易,ここで　とれる　おもな　作物は　米です。,作物,さくもつ,さくもの,さくぶつ,さくぶん,,米　こめ,
N4,文字,表記,1章,難,ぶちょうは　今　外出中で　せきを　外しております。,ぶちょう,部長,部鳥,分長,分鳥,,今　いま,外出中　がいしゅつちゅう,外　はず,
N4,文字,表記,1章,難,３年まえに　日本語の　べんきょうを　はじめました。 ,はじめました,始めました,終めました,会めました,明めました,,年　ねん,日本語　にほんご,
N4,文字,表記,1章,難,むすめは　しりつの　高校に　かよっています。,しりつ,私立,子立,白立,四立,,高校　こうこう,
N4,文字,表記,1章,難,テスト中は　しずかに　してください。,しずかに,静かに,低かに,広かに,緑かに,,中　ちゅう,
N4,文字,表記,1章,難,家の　ちかくに　古い　お寺が　あります。,ちかくに,近くに,遠くに,長くに,安くに,,家　いえ,古　ふる,寺　てら,
N4,文字,表記,1章,難,まんいん電車の　中で　新聞を　ひろげないでください。,ひろげないで,広げないで,遠げないで,低げないで,部げないで,,電車　でんしゃ,中　なか,新聞　しんぶん,
N4,文字,表記,1章,難,まい日　９時から　６時まで　はたらいています。,はたらいて,働いて,工いて,作いて,場いて,,日　にち,時　じ,
N4,文字,表記,1章,難,上田さんの　おねえさんは　きれいな　人です。,おねえさん,お姉さん,お妹さん,お兄さん,お弟さん,,上田　うえだ,人　ひと,
N4,文字,表記,1章,難,しごとが　おわったら　カラオケへ　行きましょう。,おわったら,終わったら,始わったら,育わったら,働わったら,,行　い,
N4,文字,表記,1章,難,ベランダで　トマトを　そだてています。,そだてて,育てて,作てて,工てて,族てて,
N4,文字,漢字読み,1章,難,となりの　兄弟は　よく　けんかを　します。,兄弟,きょうだい,きょうたい,ぎょうたい,ぎょうだい,
N4,文字,漢字読み,1章,難,水族かんで　めずらしい　魚や　貝を　見ました。,水族かん,すいぞくかん,みずぞくかん,すいぞつかん,ずいそっかん,,魚　さかな,貝　かい,見　み,
N4,文字,漢字読み,1章,難,今日の　よるは　気おんが　低下します。,低下,ていか,ていげ,ひくか,ひくした,,今日　きょう,気　き,
N4,文字,漢字読み,1章,難,このマンションの　屋上から　花火が　見えます。,屋上,おくじょう,おくうえ,やじょう,やうえ,,花火　はなび,見　み,
N4,文字,漢字読み,1章,難,妹は　おなかがすくと　すぐ　なきます。　,妹,いもうと,あね,おとうと,あに,
N4,文字,漢字読み,1章,難,３時の　休けいに　緑茶を　飲みました。,緑茶,りょくちゃ,ろくちゃ,りょうくちゃ,みどりちゃ,,時　じ,休　きゅう,飲　の,
N4,文字,漢字読み,1章,難,大家さんは　アパートの　一かいに　すんでいます。,大家さん,おおやさん,おおかさん,だいかさん,だいやさん,,一　いっ,
N4,文字,漢字読み,1章,難,好きな　ミステリー作家に　サインを　もらいました。,作家,さっか,さか,さっが,さくか,,好　す,
N4,文字,漢字読み,1章,難,このみせでは　本場の　フランスりょうりが　食べられます。,本場,ほんば,ほんじょう,もとば,もとじょう,,食　た,
N4,文字,漢字読み,1章,難,うんどう会で　100メートルそうに　出場しました。,出場,しゅつじょう,しつじょう,しつじょ,しゅうつじょう,,会　かい,
N4,文字,表記,2章,易,新しい ＣＤが　百万まい　うれました。,うれました,売れました,買れました,店れました,作れました,,新　あたら,百　ひゃく,万　まん,
N4,文字,表記,2章,易,ゆうびんきょくで　きってを　買いました。,きって,切手,当手,品手,工手,,買　か,
N4,文字,表記,2章,易,コンビニで　べんとうを　あたためてもらいます。,べんとう,べん当,べん食,べん遠,べん工,
N4,文字,表記,2章,易,小さいころ　おやこで　プールへ　行きました。,おやこ,親子,母子,父子,家子,,小　ちい,
N4,文字,表記,2章,易,てんいんが　ていねいに　せつ明してくれました。,てんいん,店いん,売いん,客いん,当いん,,明　めい,
N4,文字,表記,2章,易,しんせつな　人に　みちを　おしえてもらいました。,しんせつな,親切な,品切な,新切な,好切な,,人　ひと,
N4,文字,表記,2章,易,田中さんは　じょうひんで　とても　きれいです。,じょうひん,上品,長品,小品,下品,,田中　たなか,
N4,文字,表記,2章,易,きゃくまに　花を　かざります。,きゃくま,客間,客門,店間,店門,,花　はな,
N4,文字,表記,2章,易,バッターの　あたまに　ボールを　あててしまいました。,あてて,当てて,親てて,会てて,切てて,
N4,文字,表記,2章,易,先しゅう　しんゆうと　ディズニーランドへ　行きました。,しんゆう,親友,新友,親夕,新夕,,先　せん,行　い,
N4,文字,漢字読み,2章,易,たからくじが　当たったら　何を　したいですか。,当たったら,あたったら,かたったら,みたったら,うたったら,,何　なに,
N4,文字,漢字読み,2章,易,パーティーで　手品を　します。,手品,てじな,てしな,しゅひん,しゅびん,
N4,文字,漢字読み,2章,易,一ばん　親しい　友だちが　ひっこしてしまいました。,親しい,したしい,しだしい,しんしい,じんしい,,一　いち,友　とも,
N4,文字,漢字読み,2章,易,ほうちょうで　やさいを　切ります。,切ります,きります,ぎります,せります,ぜります,
N4,文字,漢字読み,2章,易,えきの　まえに　新しい　店が　できました。,店,みせ,みぜ,てん,でん,,新　あたら,
N4,文字,漢字読み,2章,易,このスーパーは　品かずが　多くて　ゆう名です。,品かず,しなかず,じなかず,ひんかず,ぴんかず,,多　おお,名　めい,
N4,文字,漢字読み,2章,易,あのレストランは　いつも　お客さんが　たくさんいます。,お客さん,おきゃくさん,おかくさん,おきやくさん,おきゃっさん,
N4,文字,漢字読み,2章,易,まい朝　えきの　売店で　コーヒーを　買います。,売店,ばいてん,ばいみせ,うりみせ,うりてん,,朝　あさ,買　か,
N4,文字,漢字読み,2章,易,くうこうに　りょ客きが　とうちゃくしました。,りょ客き,りょかっき,りょうかくき,りょきゃくき,りょきゃっき,
N4,文字,漢字読み,2章,易,下品な　食べ方は　やめましょう。,下品な,げひんな,げしなな,かひんな,かしなな,,食　たべ,方　かた,
N4,文字,表記,2章,易,学生が　こくばんに　こたえを　書きます。,こくばん,黒ばん,白ばん,銀ばん,百ばん,,学生　がくせい,書　か,
N4,文字,表記,2章,易,ちょっと　ぎんこうに　行ってきます。,ぎんこう,銀行,金行,銀工,金工,,行　い,
N4,文字,表記,2章,易,この水どうは　しようしないでください。,しよう,使よう,利よう,私よう,始よう,,水　すい,
N4,文字,表記,2章,易,かみひこうきを　作って　あそびます。,かみひこうき,紙ひこうき,銀ひこうき,黒ひこうき,便ひこうき,,作　つく,
N4,文字,表記,2章,易,大雨で　今日の　びんは　キャンセルになりました。,びん,便,銀,使,紙,,大　おお,雨　あめ,今日　きょう,
N4,文字,表記,2章,易,このえきを　りようする人は　１日　一万人ぐらいです。,りよう,利よう,使よう,手よう,工よう,,日　にち,一万　いちまん,人　にん,
N4,文字,表記,2章,易,はくちょうの　親子が　みずうみで　あそんでいます。,はくちょう,白鳥,白魚,黒鳥,黒魚,,親　おや,子　こ,
N4,文字,表記,2章,易,デパートで　くろい　スーツを　買いました。,くろい,黒い,暗い,白い,銀い,,買　か,
N4,文字,表記,2章,易,しんぶんしは　ひもで　しばって　出してください。,しんぶんし,新聞紙,新門紙,親聞紙,親門紙,,出　だ,
N4,文字,表記,2章,易,パソコンの　つかいかたが　よく　わかりません。,つかいかた,使い方,作い方,使い夕,作い夕,
N4,文字,漢字読み,2章,易,白い　ふくを　きている　女の子は　だれですか。,白い,しろい,くろい,はくい,こくい,,女　おんな,人　ひと,
N4,文字,漢字読み,2章,易,コピーよう紙が　なくなって　しまいました。,よう紙,ようし,ようじ,ようかみ,ようがみ,
N4,文字,漢字読み,2章,易,お金を　かりたら　利子を　はらわなければなりません。,利子,りし,りこ,りいし,りいこ,,金　かね,
N4,文字,漢字読み,2章,易,山下さんは　じゅうどうで　銀メダルを　とりました。,銀メダル,ぎんメダル,きんメダル,どうメダル,とうメダル,,山下　やました,
N4,文字,漢字読み,2章,易,インターネットは　とても　便利です。,便利,べんり,びんり,たより,だより,
N4,文字,漢字読み,2章,易,きょ年の　会社の　利えきは　黒字でした。,黒字,くろじ,こくじ,あかじ,あおじ,,年　年,会社　かいしゃ,利　り,
N4,文字,漢字読み,2章,易,ゆう便きょくで　はがきを　買いました。,ゆう便きょく,ゆうびんきょく,ゆうべんきょく,ゆうびきょく,ゆうべきょく,,買　か,
N4,文字,漢字読み,2章,易,おり紙で　きれいな　花を　おりました。,おり紙,おりがみ,おりかみ,おりし,おりじ,,花　はな,
N4,文字,漢字読み,2章,易,せんたくしたら　シャツが　まっ白になりました。,まっ白,まっしろ,まっぱく,まっくろ,まっこく,
N4,文字,漢字読み,2章,易,むかし　ならった　先生から　便りが　ありました。,便り,たより,だより,べんり,へんり,,先生　せんせい,
N4,文字,表記,2章,易,レジの　うしろに　たばこが　あります。,うしろ,後ろ,午ろ,前ろ,晩ろ,
N4,文字,表記,2章,易,えきの　まえに　コンビニが　あります。,まえ,前,後,近,遠,
N4,文字,表記,2章,易,やしょくに　ラーメンを　食べると　ふとります。,やしょく,夜食,夜飲,家食,家飲,,食　た,
N4,文字,表記,2章,易,学校は　ごぜん９時から　始まります。,ごぜん,午前,午後,後前,小前,,学　がっ,校　こう,時　じ,始　はじ,
N4,文字,表記,2章,易,ひるやすみに　友だちと　コンビニへ　行きました。,ひるやすみ,昼休み,午休み,昼体み,午体み,,友　とも,行　い,
N4,文字,表記,2章,易,あさ　８時に　うちを　出ました。,あさ,朝,昼,早,前,,時　じ,出　で,
N4,文字,表記,2章,易,今日の　ばんごはんは　何ですか。,ばんごはん,晩ごはん,夜ごはん,午ごはん,便ごはん,,今日　きょう,何　なん,
N4,文字,表記,2章,易,よなかに　おきて　べんきょうしました。,よなか,夜中,夜内,晩中,晩内,
N4,文字,表記,2章,易,そうちょう　こうえんを　さんぽします。,そうちょう,早朝,早町,早鳥,早中,
N4,文字,表記,2章,易,いつも　よる10時に　ねます。,よる,夜,晩,午,昼,,時　じ,
N4,文字,漢字読み,2章,易,後半20分に　Ａチームが　一てん　とりました。,後半,こうはん,こうばん,ごうはん,ごうばん,,分　ぷん,一　いっ,
N4,文字,漢字読み,2章,易,アルバイトの後　いっしょに　食じしましょう。,後,あと,こう,ご,うしろ,,食　しょく,
N4,文字,漢字読み,2章,易,川村さんは　とても　早口です。,早口,はやくち,はやぐち,そうこう,ぞうこう,,川　かわ,村　むら,
N4,文字,漢字読み,2章,易,昼食は　ラーメンを　食べました。,昼食,ちゅうしょく,ちょうしょく,ちょしょく,ちゅしょく,,食　た,
N4,文字,漢字読み,2章,易,はじめに　クラスと　名前を　書いてください。,名前,なまえ,なあまえ,めいまえ,めまえ,,書　か,
N4,文字,漢字読み,2章,易,今夜９時から　ドラマを　見ます。,今夜,こんや,いまや,こんよ,いまよ,,時　じ,見　み,
N4,文字,漢字読み,2章,易,前後左右に　気をつけて　うんてんしてください。,前後左右,ぜんごさゆう,ぜんごさゆ,まえごさゆう,まえごさゆ,,気　き,
N4,文字,漢字読み,2章,易,朝食は　いつも　パンと　コーヒーです。,朝食,ちょうしょく,ちゅうしょく,あさしょく,ひるしょく,
N4,文字,漢字読み,2章,易,しょう午から　会ぎを　始めます。,しょう午,しょうご,しょうぎゅう,しょうし,しょうひる,,会　かい,始　はじ,
N4,文字,漢字読み,2章,易,今朝　５時に　おきて　ジョギングを　しました。,今朝,けさ,こんあさ,こんちょう,いまあさ,,時　じ,
N4,文字,表記,2章,難,新しい　CDが　百万まい　うれました。,うれました,売れました,買れました,当れました,切れました,,新　あたら,
N4,文字,表記,2章,難,えきの　まえに　コンビニが　あります。 ,まえ,前,後,店,早,
N4,文字,表記,2章,難,しんせつな　人に　みちを　おしえてもらいました。,しんせつな,親切な,新切な,品切な,静切な,,人　ひと,
N4,文字,表記,2章,難,ゆうびんきょくで　きってを　買いました。,きって,切手,木手,気手,来手,,買　か,
N4,文字,表記,2章,難,しんぶんしは　ひもで　しばって　出してください。,しんぶんし,新聞紙,新間紙,親聞紙,親間紙,
N4,文字,表記,2章,難,パソコンの　つかいかたが　よくわかりません。,つかいかた,使い方,利い方,工い方,便い方,
N4,文字,表記,2章,難,ちょっと　ぎんこうに　いってきます。,ぎんこう,銀行,銀工,金行,金工,
N4,文字,表記,2章,難,スーパーの　うしろに　こうえんがあります。,うしろ,後ろ,前ろ,当ろ,午ろ,
N4,文字,表記,2章,難,学校は　ごぜん９時から　始まります。,ごぜん,午前,午先,後前,後先,,学校　がっこう,時　じ,始　はじ,
N4,文字,表記,2章,難,よなかに　おきて　べんきょうしました。,よなか,夜中,夜内,晩中,晩内,
N4,文字,漢字読み,2章,難,たからくじが　当たったら　何を　したいですか。,当たったら,あたったら,だたったら,とうたったら,どうたったら,,何　なに,
N4,文字,漢字読み,2章,難,アルバイトの後　いっしょに　食じしましょう。,後,あと,こう,ご,うしろ,,食　しょく,
N4,文字,漢字読み,2章,難,あのレストランは　いつも　お客さんが　たくさんいます。,お客さん　おきゃくさん,おぎゃくさん,おかくさん,おがくさん,
N4,文字,漢字読み,2章,難,お金を　かりたら　利子を　はらわなければなりません。,利子,りし,りいし,りじ,りこ,,金　かね,
N4,文字,漢字読み,2章,難,インターネットは　とても　便利です。　,便利,べんり,びんり,へんり,ひんり,
N4,文字,漢字読み,2章,難,きょ年の　会社の　りえきは　黒字でした。,黒字,くろじ,こくじ,ぐろじ,ごくじ,,年　ねん,会社　かいしゃ,
N4,文字,漢字読み,2章,難,後半20分に　Ａチームが　一てん　とりました。,後半,こうはん,こうばん,ごはん,ごばん,,一　いっ,
N4,文字,漢字読み,2章,難,川村さんは　とても　早口です。,早口,はやくち,はやぐち,そうこう,ぞうこう,,川村　かわむら,
N4,文字,漢字読み,2章,難,昼食は　ラーメンを　食べました。,昼食,ちゅうしょく,ちょうしょく,ひるしょく,びるしょく,,食　た,
N4,文字,漢字読み,2章,難,今朝　５時に　おきて、ジョギングをしました。,今朝,けさ,きょうあさ,こんあさ,いまあさ,,時　じ,
N4,文字,表記,3章,易,私は　まい晩　７時に　きたくします。,きたく,帰宅,来宅,帰家,来家,,私　わたし,晩　ばん,時　じ,
N4,文字,表記,3章,易,やくそくの　時間に　おくれて　かの女と　けんかになりました。,おくれて,遅れて,送れて,晩れて,後れて,,時間　じかん,女　じょ,
N4,文字,表記,3章,易,すみません。この手紙を　そくたつで　おねがいします。,そくたつ,速たつ,早たつ,急たつ,軽たつ,,手紙　てがみ,
N4,文字,表記,3章,易,くにへ　帰る　友だちの　そうべつかいを　します。,そうべつかい,送べつ会,早べつ会,送べつ今,早べつ今,,帰　かえ,友　とも,
N4,文字,表記,3章,易,しりょうを　10まい　かさねたら　ホッチキスで　とめます。,かさねたら,重ねたら,荷ねたら,後ねたら,送ねたら,
N4,文字,表記,3章,易,てにもつは　こちらの　カウンターへ　どうぞ。,てにもつ,手荷物,手何物,店荷物,店何物,
N4,文字,表記,3章,易,ここで　サンドイッチなどの　けいしょくが　買えます。,けいしょく,軽食,軽飲,急食,急飲,,買　か,
N4,文字,表記,3章,易,このえきは　きゅうこうの　電車は　とまりません。,きゅうこう,急行,急高,重行,重高,,電車　でんしゃ,
N4,文字,表記,3章,易,たいじゅうが　ふえてしまいました。ジョギングを　始めます。,たいじゅう,体重,体荷,休重,休荷,,始　はじ,
N4,文字,表記,3章,易,あ、雨ですね。えきまで　おくりましょうか。,おくりましょう,送りましょう,遅りましょう,近りましょう,遠りましょう,,雨　あめ,
N4,文字,漢字読み,3章,易,このダンボール、とても　重いです。何が　入っていますか。,重い,おもい,おおい,もおい,もうい,,何　なに,入　はい,
N4,文字,漢字読み,3章,易,時間が　ありませんから　急いでください。,急いで,いそいで,そいで,はやいで,きゅういで,,時間　じかん,
N4,文字,漢字読み,3章,易,友だちに　しゃしんを　メールで　送ります。,送ります,おくります,おぐります,くばります,ぐばります,,友　とも,
N4,文字,漢字読み,3章,易,朝は　いい天気でしたが　昼から　急に　雨になりました。,急に,きゅうに,きゆうに,きよぅに,きょうに,,,朝　あさ,天気　てんき,昼　ひる,雨　あめ,,
N4,文字,漢字読み,3章,易,くにの　母から　荷物が　とどきました。,荷物,にもつ,にもの,にぶつ,にふつ,,母　はは,
N4,文字,漢字読み,3章,易,ダイエットをしたら　体が　軽く　なりました。,軽く,かるく,おもく,よく,わるく,,体　からだ,
N4,文字,漢字読み,3章,易,どうして　遅こくしたんですか。,遅こく,ちこく,ぢこく,しこく,じこく,
N4,文字,漢字読み,3章,易,先生の　お宅は　どちらですか。,おたく,おうち,おいえ,おにわ,,先生　せんせい,
N4,文字,漢字読み,3章,易,友だちを　くうこうまで　見送りに　行きました。,見送り,みおくり,みおぐり,めおくり,めおぐり,,友　とも,行　い,
N4,文字,漢字読み,3章,易,高山さんは　クラスで　一ばん　足が　速いです。,速い,はやい,おそい,おもい,かるい,,高山　たかやま,一　いち,足　あし,
N4,文字,表記,3章,易,このかさの　もちぬしが　わかりますか。,もちぬし,もち主,もち親,もち様,もち住,
N4,文字,表記,3章,易,インターネットで　ちめいを　しらべます。,ちめい,地名,地主,地前,地目,
N4,文字,表記,3章,易,でんわばんごうを　おしえてください。,でんわばんごう,電話番号,電読番号,電言番号,電車番号,
N4,文字,表記,3章,易,私の　ちょうしょは　明るくて　元気な　ところです。,ちょうしょ,長所,急所,重所,中所,,私　わたし,明　あか,元　げん,気　き,
N4,文字,表記,3章,易,ワイン売り場は　ちか１かいです。,ちか,地下,地家,地屋,地上,,売　う,場　ば,
N4,文字,表記,3章,易,本屋で　ざっしの　12がつごうを　買います。,12がつごう,12月号,12月番,12月工,12月行,,本　ほん,屋　や,買　か,
N4,文字,表記,3章,易,ここに　名前と　じゅうしょを　書いてください。,じゅうしょ,住所,主所,住場,主場,,名前　なまえ,書　か,
N4,文字,表記,3章,易,今日の　そうじの　とうばんは　だれですか。,とうばん,当番,店番,十番,早番,,今日　きょう,
N4,文字,表記,3章,易,おつかれさまでした。お先に　しつれいします。,さま,様,主,所,地,,先　さき,
N4,文字,漢字読み,3章,易,テストで　一番が　とれるように　べんきょうします。,一番,いちばん,いばん,いっちばん,ひとばん,
N4,文字,漢字読み,3章,易,ここからは　中の　様子が　ぜんぜん　わかりません。,様子,ようす,ようこ,さまご,さまし,,中　なか,
N4,文字,漢字読み,3章,易,住宅がいの　まん中に　大きい　スーパーが　あります。,住宅がい,じゅうたくがい,じゅうだくがい,じゆうたくがい,じゅたくがい,,中　なか,大　おお,
N4,文字,漢字読み,3章,易,明日　テストがありますから　年号を　おぼえます。,年号,ねんごう,ねんこう,としごう,どしごう,,明日　あした,
N4,文字,漢字読み,3章,易,７時に　いつもの　場所で　会いましょう。,場所,ばしょ,ばしょう,じょうしょ,じょうしょう,,時　じ,会　あ,
N4,文字,漢字読み,3章,易,家族は　主人と　私の　二人です。,主人,しゅじん,しゅうじん,しゅにん,しゅうにん,,家族　かぞく,私　わたし,二人　ふたり,
N4,文字,漢字読み,3章,易,黒川さんは　一人で　アパートに　住んでいます。,住んで,すんで,ずんで,しゅんで,じゅんで,,黒川　くろかわ,一人　ひとり,
N4,文字,漢字読み,3章,易,お客様、こちらの　セーターは　いかがですか。,お客様,おきゃくさま,おきゃくざま,おかくさま,おかくざま,
N4,文字,漢字読み,3章,易,ちょっと　地みですね。ちがう　デザインは　ありますか。,地み,じみ,ちみ,じいみ,ちいみ,
N4,文字,漢字読み,3章,易,私は　高い　所が　あまり　好きじゃありません。,所,ところ,どころ,しょ,じょ,,私　わたし,高　たか,好　す,
N4,文字,表記,3章,易,日本では　車や　じてん車は　どうろの　左を　はしります。,どうろ,道ろ,遠ろ,場ろ,都ろ,,日本　にほん,車　くるま,車　しゃ,左　ひだり,
N4,文字,表記,3章,易,しちょうそんを　あつめて　一つの　市が　できました。,しちょうそん,市町村,市町林,市長村,市長林,,一　ひと,市　し,
N4,文字,表記,3章,易,しやくしょの　となりにある　公園は　とても　きれいです。,くやくしょ,区やく所,区やく場,市やく所,市やく場,,公園　こうえん,
N4,文字,表記,3章,易,東京の　大学に　入りたいと　おもって　じょうきょうしました。,じょうきょう,上京,上都,上急,上道,,東京　とうきょう,大学　だいがく,入　はい,
N4,文字,表記,3章,易,日本には　いっといちどうにふよんじゅうさんけん　あります。,いっといちどうにふよんじゅうさんけん,一都一道二府四十三県,一都一道二府四十三見,一都一道二区四十三県,一都一道二区四十三見,,日本　にほん,
N4,文字,表記,3章,易,私の　むらには　コンビニが　ありませんから　ふ便です。,むら,村,林,様,県,,私　わたし,便　べん,
N4,文字,表記,3章,易,とうきょうとの　人口は　やく千三百万人です。,とうきょうと,東京都,京東都,京都都,都京都,,人口　人口,千　千,三百　さんびゃく,万　まん,人　にん,
N4,文字,表記,3章,易,新聞に　くちょうの　インタビューが　のっています。,くちょう,区長,九長,市長,都長,,新聞　しんぶん,
N4,文字,表記,3章,易,ぜひ　一ど　とかいに　住みたいと　おもっています。,とかい,都会,当会,東会,府会,,一　いち,住　す,
N4,文字,表記,3章,易,みちに　タバコや　ゴミを　すててはいけません。,みち,道,遠,近,遅,
N4,文字,漢字読み,3章,易,東京は　人が　多くて　にぎやかな　ところです。,東京,とうきょう,ときょう,とおきょ,とおきょう,,人　ひと,多　おお,
N4,文字,漢字読み,3章,易,府が　つく所は、大さかと　京都の　ふたつです。,府,ふ,ふう,ぶ,ぷ,,所　ところ,大　おお,京　きょう,都　と,
N4,文字,漢字読み,3章,易,ふゆ休みに　友だちと　北かい道へ　行wきます。,北かい道,ほっかいどう,ほくかいどう,ほかいどう,ほうかいどう,,休　やす,友　とも,行　い,
N4,文字,漢字読み,3章,易,このコンサートは　区内の　人は　むりょうです。,区内,くない,くうち,くなか,くがい,,人　ひと,
N4,文字,漢字読み,3章,易,京都は　古い　お寺が　たくさん　あります。,京都,きょうと,きょうとう,きょとう,きょと,,古　ふる,寺　てら,
N4,文字,漢字読み,3章,易,となりの　村へ　行くとき　バスで　２時間　かかります。,村,むら,まち,そん,けん,,行　い,時　じ,間　かん,
N4,文字,漢字読み,3章,易,市場では　新しい　やさいや　魚を　安く　売っています。,市場,いちば,いちじょう,しじゅう,しいば,,新　あたら,魚　さかな,安　やす,売　う,
N4,文字,漢字読み,3章,易,日本の　しゅ都は　どこか　わかりますか。,しゅ都,しゅと,しゅど,しゅとう,しゅどう,,日本　にほん,
N4,文字,漢字読み,3章,易,あなたは　何県の　出しんですか。,何県,なにけん,なにげん,なんけん,なんげん,,出　しゅっ,
N4,文字,漢字読み,3章,易,市内を　かんこうバスで　まわる　ツアーが　人気です。,市内,しない,しうち,いちない,いちうち,,人気　にんき,
N4,文字,表記,3章,難,私は　まい晩　７時に　きたくします。,きたく,帰宅,帰家,来宅,来家,,私　わたし,晩　ばん,時　じ,
N4,文字,表記,3章,難,みちに　タバコや　ゴミを　すててはいけません。 ,みち,道,遠,遅,送,
N4,文字,表記,3章,難,しりょうを10まい かさねたら ホッチキスで とめます。,かさねたら,重ねたら,軽ねたら,番ねたら,住ねたら,
N4,文字,表記,3章,難,このえきは　きゅうこうの　電車は　とまりません。,きゅうこう,急行,京行,休行,速行,,電　でん,車　しゃ,
N4,文字,表記,3章,難,約束の時間に おくれて かの女と けんかになりました。,おくれて,遅れて,送れて,速れて,遠れて,,約　やく,束　そく,時　じ,間　かん,女　じょ,
N4,文字,表記,3章,難,でんわばんごうを　おしえてください。,でんわばんごう,電話番号,電読番号,電話半号,電読半号,
N4,文字,表記,3章,難,ワイン売り場は　ちか１かいです。,ちか,地下,地上,地外,地内,,売　う,場　ば,
N4,文字,表記,3章,難,ここに　名前と　じゅうしょを　書いてください。,じゅうしょ,住所,宅所,主所,重所,,書　か,
N4,文字,表記,3章,難,私の　しごとは　おもに　えいぎょうの　サポートです。,おもに,主に,都に,住に,様に,,私　わたし,
N4,文字,表記,3章,難,ぜひ　一ど　とかいに　すみたいと　おもっています。,とかい,都会,都安,都分,都今,,一　いち,
N4,文字,漢字読み,3章,難,くにの　母から　荷物が　とどきました。,荷物,にもつ,にもの,かもつ,かもの,
N4,文字,漢字読み,3章,難,あなたは　何県の　出しんですか。,何県,なにけん,なにげん,なんけん,なんげん,,出　しゅっ,
N4,文字,漢字読み,3章,難,友だちを　くうこうまで　見送りに　行きました。,見送り,みおくり,みおぐり,みそうり,けんそうり,
N4,文字,漢字読み,3章,難,高山さんは　クラスで　一ばん　足が　速いです。,速い,はやい,ばやい,おそい,おぞい,,高山　たかやま,一　いち,速　はや,
N4,文字,漢字読み,3章,難,時間が　ないので　急いでください。　,急いで,いそいで,きゅういで,はやいで,さわいで,,時　じ,間　かん,
N4,文字,漢字読み,3章,難,７時に　いつもの　場所で　会いましょう。,場所,ばしょ,ばしょう,じょうしょ,じょうじょ,,時　じ,会　あ,
N4,文字,漢字読み,3章,難,家族は　主人と　私の　二人です。,主人,しゅじん,しゅうじん,しゅにん,しゅうにん,,家　か,族　ぞく,私　わたし,二人　ふたり,
N4,文字,漢字読み,3章,難,私は　高い　所が　あまり　好きじゃありません。,所,ところ,どころ,しょ,じょ,,私　わたし,高　たか,好　す,
N4,文字,漢字読み,3章,難,ここからは　中の　様子が　ぜんぜん　わかりません。,様子,ようす,ようこ,さまご,さまし,,中　なか,
N4,文字,漢字読み,3章,難,市場では 新しい やさいや 魚を 安く 売っています。,市場,しじょう,しば,いちじょう,しじょう,,新　あたら,魚　さかな,安　やす,売　う,
N4,文字,表記,3章,易,私の　しごとは　おもに　えいぎょうの　サポートです。,おもに,主に,住に,当に,重に,,私　わたし,
N4,文字,表記,4章,易,ふじ山が　みずうみに　きれいに　うつっています。,うつって,映って,画って,図って,道って,,山　さん,
N4,文字,表記,4章,易,かれと　さい近　話だいの　えいがを　見に　行きました。,えいが,映画,映図,映館,映号,,,近　きん,話　わ,見　み,行　い,
N4,文字,表記,4章,易,きょうしつに　大きい　せかいちずが　はってあります。,ちず,地図,地画,道図,道画,,大 おお,
N4,文字,表記,4章,易,休みの日　はれていたら　こうえんで　本を　読みます。,こうえん,公園,会園,工園,広園,,休　やす,日　ひ,本　ほん,読　よ,
N4,文字,表記,4章,易,テスト前に　としょかんで　べんきょうします。,としょかん,図書館,図書間,公書館,公書間,,前　まえ,
N4,文字,表記,4章,易,はこねへ　行って　古い　りょかんに　とまりました。,りょかん,りょ館,りょ園,りょ図,りょ画,,行　い,古　ふる,
N4,文字,表記,4章,易,子どもを　ようちえんまで　むかえに　行きます。,ようちえん,ようち園,ようち県,ようち館,ようち映,,子　こ,行　い,
N4,文字,表記,4章,易,しょうらいは　がかに　なりたいと　思っています。,がか,画家,画屋,図家,図屋,,思　おも,
N4,文字,表記,4章,易,しゅうまつは　かの女と　どこかへ　出かけたいです。,しゅうまつ,週まつ,公まつ,急まつ,毎まつ,,女　じょ,出　で,
N4,文字,表記,4章,易,まいにち　家に　帰ってから　２時間　べんきょうします。,まいにち,毎日,毎月,週日,週月,,家　うち,帰　かえ,時間　じかん,
N4,文字,漢字読み,4章,易,かの女と　今どの　りょ行の　けい画を　立てました。,けい画,けいかく,けいがく,けいが,けいか,,女　じょ,今　こん,行　こう,立　た,
N4,文字,漢字読み,4章,易,子どもと　どう物園へ　行く　やくそくを　しました。,どう物園,どうぶつえん,どうぶうえん,どうものえん,どうもんえん,,子　こ,行　い,
N4,文字,漢字読み,4章,易,女ゆうの　Ａさんは　年れいを　公に　していません。,公,おおやけ,おうやけ,こう,こお,,女　じょ,今　こん,行　こう,立　た,
N4,文字,漢字読み,4章,易,スライドに　グラフを　映して　せつ明します。,映して,うつして,うっして,えいして,えして,,明　めい,
N4,文字,漢字読み,4章,易,中田くんが　書く　まん画は　とても　おもしろいです。,まん画,まんが,まんか,まんがく,まんかく,,中田　なかた,書　か,
N4,文字,漢字読み,4章,易,男の子が　こん虫図かんを　む中で　見ています。,こん虫図かん,こんちゅうずかん,こんちゅうとかん,こんむしずかん,こんむしとかん,,男　おとこ,子　こ,中　ちゅう,
N4,文字,漢字読み,4章,易,社長は　公私ともに　いそがしい人です。,公私,こうし,こおし,こうじ,こおじ,,社長　しゃちょう,人　ひと,
N4,文字,漢字読み,4章,易,このドラマを　毎かい　たのしみにしています。 ,毎かい,まいかい,まんかい,めいかい,めんかい,
N4,文字,漢字読み,4章,易,明日の　午前中に　大使館へ　行くつもりです。,大使館,たいしかん,だいしかん,たいしがん,だいしがん,,明日　あした,午前中　ごぜんちゅう,行　い,
N4,文字,漢字読み,4章,易,しけんまで　あと　２週間しか　ありません。,２週間,にしゅうかん,にしゅかん,にしょうかん,にしょかん,
N4,文字,表記,4章,易,はじめての　きゅうりょうを　もらいました。,きゅうりょう,きゅう料,きゅう有,きゅう理,きゅう米,
N4,文字,表記,4章,易,しゅしょうふじんは　むかし　女ゆうでした。,ふじん,夫人,妻人,府人,有人,,女　じょ,
N4,文字,表記,4章,易,ろうふうふが　手を　つないで　あるいています。,ふうふ,夫ふ,妻ふ,大ふ,親ふ,,手　て,
N4,文字,表記,4章,易,前川くんは　学校で　一番の　ゆうめいじんです。,ゆうめいじん,有名人,育名人,有明人,育明人,,前川　まえかわ,学校　がっこう,一番　いちばん,
N4,文字,表記,4章,易,学生のときは　ぶつりが　とくいでした。,ぶつり,物理,物利,物料,物思,,学生　がくせい,
N4,文字,表記,4章,易,りょうきんは　前ばらいで　二百円です。,りょうきん,料金,利用金,使用金,特金,,前　まえ,二百円　にひゃくえん,
N4,文字,表記,4章,易,このきょくを　聞くと　いつも　かれを　おもいだします。,おもいだします,思い出します,特い出します,重い出します,理い出します,,聞　き,
N4,文字,表記,4章,易,たん生日に　りょうりを　作って　おいわいします。,りょうり,料理,理料,料利,利料,,生　じょう,日　び,作　つく,
N4,文字,表記,4章,易,しぶやは　とくに　わかものが　多い町です。,とくに,特に,寺に,思に,有に,,多　おお,町　まち,
N4,文字,表記,4章,易,つまの　たん生日に　花を　あげました。,つま,妻,夫,公,毎,,生　じょう,日　び,花　はな,
N4,文字,漢字読み,4章,易,週まつは　夫と　二人で　テニスを　します。,夫,おっと,おと,おとう,おとっ,,週　しゅう,二人　ふたり,
N4,文字,漢字読み,4章,易,私は　理けいの　大学を　そつぎょうしました。 ,理けい,りけい,りっけい,りいけい,りんけい,,私　わたし,大学　だいがく,
N4,文字,漢字読み,4章,易,きのう　田中夫妻に　お子さんが　生まれました。,夫妻,ふさい,ふざい,ふうふ,ふふう,,田中　たなか,子　こ,生　う,
N4,文字,漢字読み,4章,易,今年の　ふゆは　特べつに　さむいです。,特べつ,とくべつ,どくべつ,かくべつ,がくべつ,,今年　ことし,
N4,文字,漢字読み,4章,易,さとうさんは　みんなが　知っている　あい妻家です。,あい妻家,あいさいか,あいさいや,あいつまか,あいつまや,,知　し,
N4,文字,漢字読み,4章,易,今年は　おんせんに　行こうと　思っています。,思って,おもって,おぼって,しって,しいって,,今年　ことし,行　い,
N4,文字,漢字読み,4章,易,じぶんの　い思で　日本への　りゅう学を　きめました。 ,い思,いし,いじ,いそう,いぞう,,日本　にほん,学ぶ　がく,
N4,文字,漢字読み,4章,易,特急電車に　のれば　東京まで　20分です。 ,特急電車,とっきゅうでんしゃ,とっきゅでんしゃ,ときゅうでんしゃ,とうっきゅうでんしゃ,,東京　とうきょう,分　ぷん,
N4,文字,漢字読み,4章,易,ここは　む料で　お茶を　サービスしてくれます。 ,む料,むりょう,むりょ,むりゃう,むり,,茶　ちゃ,
N4,文字,漢字読み,4章,易,じけんの　有力な　しょうこが　見つかりました。 ,有力な,ゆうりょくな,ゆうりきな,ゆりょうくな,ゆりょくな,,見　み,
N4,文字,表記,4章,易,ふゆ物の　新しい　ようふくを　買いました。,ようふく,洋服,洋衣,毛服,毛衣,,物　もの,新　あたら,買　か,
N4,文字,表記,4章,易,私の　町には　かんこうちが　たくさん　あります。 ,かんこうち,かん光地,かん好地,かん公地,かん工地,,私　わたし,町　まち,
N4,文字,表記,4章,易,今日は　月が　明るく　ひかって　見えます。,ひかって,光って,玉って,糸って,米って,,今日　きょう,月　つき,見　み,
N4,文字,表記,4章,易,みずたまもようの　スカートを　はいています。,みずたま,水玉,水光,三玉,三光,
N4,文字,表記,4章,易,ひさしぶりに　かみを　みじかく　切りました。,みじかく,短く,糸く,短かく,糸かく,,切　き,
N4,文字,表記,4章,易,りかの　じゅぎょうで　ひかりの　速どを　ならいました。,ひかり,光,京,玉,米,,速　そく,
N4,文字,表記,4章,易,早川先生は　とうようしが　せん門です。,とうようし,東洋し,西洋し,都洋し,特洋し,,早川　はやかわ,先生　せんせい,門　もん,
N4,文字,表記,4章,易,さむかったら　もうふを　かけてください。,もうふ,毛ふ,公ふ,洋ふ,手ふ,
N4,文字,表記,4章,易,いりょうひん売り場は　２かいと　３がいです。,いりょうひん,衣料品,衣理品,糸料品,糸理品,,売　う,場　ば,
N4,文字,表記,4章,易,まりえさんは　いつも　つけまつげを　しています。　,まつげ,まつ毛,まつ糸,まつ気,まつ手,
N4,文字,漢字読み,4章,易,はりと　糸を　つかって　ボタンを　つけます。　,糸,いと,いど,いっと,いいと,
N4,文字,漢字読み,4章,易,衣食住は　人の　生かつに　ひつような　ものです。 ,衣食住,いしょくじゅう,いしょうくじゅう,いいしょくじゅう,いいしょくじゅ,,人　ひと,生　せい,
N4,文字,漢字読み,4章,易,かれは　すぐに　おこる　短気な　人です。,短気な,たんきな,だんきな,みじきな,みじけな,,人　ひと,
N4,文字,漢字読み,4章,易,衣がえを　して　クローゼットを　せいりしました。,衣がえ,ころもがえ,ころもうがえ,いがえ,いいがえ,
N4,文字,漢字読み,4章,易,羊毛で　できた　コートは　あたたかいです。,よう毛,ようもう,ようげ,ようけ,ようも,
N4,文字,漢字読み,4章,易,電光けいじばんで　電車の　行き先を　チェックします。,電光,でんこう,でんごう,でんひかり,でんびかり,,電車　でんしゃ,行　い,先　さき,
N4,文字,漢字読み,4章,易,友だちに　洋がくの　CDを　かりました。 ,洋がく,ようがく,よおがく,よがく,よっがく,,友　とも,
N4,文字,漢字読み,4章,易,おばあさんに　お手玉あそびを　おしえてもらいました。,お手玉,おてだま,おてたま,おしゅだま,おでたま,
N4,文字,漢字読み,4章,易,黒田か長は　私服も　おしゃれです。,私服,しふく,しぶく,しいふく,しいぶく,,黒田　くろだ,長　ちょう,
N4,文字,漢字読み,4章,易,プレゼントに　毛糸の　手ぶくろを　もらいました。,毛糸,けいと,げいと,もうし,もうじ,,手　て,
N4,文字,表記,4章,難,きょうしつに　大きい　せかいちずが　はってあります。,ちず,地図,地画,土図,土画,
N4,文字,表記,4章,難,ひさしぶりに　かみを　みじかく　切りました。,みじかく,短く ,衣く,糸く,理く,
N4,文字,表記,4章,難,休みの日　はれていたら　こうえんで　本を　読みます。,こうえん,公園,好園,公遠,好遠,
sN4,文字,表記,4章,難,まいにち　家に　帰ってから　２時間　べんきょうします。,まいにち,毎日,毎目,前日,前目,
N4,文字,表記,4章,難,かれと　さい近　話だいの　えいがを　見に　行きました。,えいが,映画,図画,洋画,暗画,,近　きん,話　わ,
N4,文字,表記,4章,難,バスりょうきんは　前ばらいで　二百円です。,りょうきん,料金,理金,洋金,光金,,前　まえ,
N4,文字,表記,4章,難,このきょくを 聞くと　いつも かれを おもいだします。,おもいだします,思い出します,重い出します,特い出します,有い出します,
N4,文字,表記,4章,難,しぶやは　とくに　わかものが　多い町です。,とくに,特に,理に,糸に,料に,
N4,文字,表記,4章,難,つまの　たん生日に　花を　あげました。,つま,妻,夫,光,玉,,生　じょう,日　び,
N4,文字,表記,4章,難,今日は　月が　明るく　ひかって　見えます。,ひかって,光って,玉って,衣って,夫って,
N4,文字,漢字読み,4章,難,スライドに　グラフを　映して　せつ明します。,映して,うつして,はなして,えいして,がして,,
N4,文字,漢字読み,4章,難,プレゼントに　毛糸の　手ぶくろを　もらいました。,毛糸,けいと,げいと,もういと,もういど,
N4,文字,漢字読み,4章,難,明日の　午前中に　大使館へ　行くつもりです。,大使館,たいしかん,だいしかん,おおしかん,おおじかん,
N4,文字,漢字読み,4章,難,しけんまで　あと　２週間しか　ありません。,２週間,２しゅうかん,２しゅうがん,２しゅかん,２しゅがん,
N4,文字,漢字読み,4章,難,週まつは　夫と　二人で　テニスを　します。　,夫,おっと,おと,ふ,つま,,
N4,文字,漢字読み,4章,難,じけんの　有力な　しょうこが　見つかりました。,有力な,ゆうりょくな,ゆうりな,ゆりょくな,ゆりきな,
N4,文字,漢字読み,4章,難,衣がえを　して　クローゼットを　せいりしました。,衣がえ,ころもがえ,ごろもがえ,いがえ,いいがえ,
N4,文字,漢字読み,4章,難,電光けいじばんで　電車の　行き先を　チェックします。,電光,でんこう,でんごう,でんひかり,でんびかり,
N4,文字,漢字読み,4章,難,黒田か長は　私服も　おしゃれです。,私服,しふく,しぶく,わたしふく,わたしぶく,
N4,文字,漢字読み,4章,難,衣食住は　人の　生かつに　ひつような　ものです。,衣食住,いしょくじゅう,いしょうくじゅ,いしょくじゅ,いしょうくじゅう,
N4,文字,表記,5章,易,あの白い　セーターを　きている人は　だれですか。,きている,着ている,来ている,切ている,服ている,,白　しろ,人　ひと,
N4,文字,表記,5章,易,みなさん　あつまりましたね。では、しゅっぱつしましょう。,しゅっぱつ,出発,着発,手発,始発,
N4,文字,表記,5章,易,えきまえの　カフェで　友だちと　会います。,えきまえ,駅前,駅先,駅毎,駅後,,友　とも,会　あ,
N4,文字,表記,5章,易,電車が　とうちゃくします。白せんまで　下がってください。,とうちゃく,とう着,とう開,とう鉄,とう降,,電車 でんしゃ,白 はく,下 さ,
N4,文字,表記,5章,易,このまどは　かいへいが　しやすいです。,かいへい,開閉,会閉,閉会,閉開,
N4,文字,表記,5章,易,３日間　まいごだった　犬が　今日　はっけんされました。,はっけん,発見,発目,発県,発犬,,３日間　みっかかん,犬　いぬ,今日　きょう,
N4,文字,表記,5章,易,あついですね。まどを　少し　あけてもいいですか。,あけても,開けても,閉けても,明けても,着けても,,少　すこ,
N4,文字,表記,5章,易,バスを　おりるときは　ボタンを　おしてください。,おりる,降りる,乗りる,終りる,着りる,
N4,文字,表記,5章,易,じこが　ありましたが　じょうきゃくは　みんな　ぶじでした。,じょうきゃく,乗客,乗着,上着,上客,
N4,文字,表記,5章,易,動物園の　かいえん時間は　10時です。,かいえん,開園,閉園,開遠,閉遠,,動物　どうぶつ,園　えん,時間　じかん,時　じ,
N4,文字,漢字読み,5章,易,明日　始発の　電車に　乗るので　今日は　早く　ねます。,始発,しはつ,しぱつ,じばつ,じぱつ,,明日　あした,電　でん,車　しゃ,乗　の,今日　きょう,早　はや,
N4,文字,漢字読み,5章,易,私は　毎日　地下鉄で　学校に　行きます。,地下鉄,ちかてつ,ちがてつ,ちかでつ,ちかでづ,,,私　わたし,毎日　まいにち,学校　がっこう,行　い,
N4,文字,漢字読み,5章,易,雨が　降ったら　バーベキューは　えんきです。,降ったら,ふったら,ふりったら,おったら,こうったら,,雨　あめ,
N4,文字,漢字読み,5章,易,日本に　いる間に　着物を　ぜひ　着たいです。,着物,きもの,きぶつ,ぎもの,ぎぶつ,,日本　にほん,間　あいだ,着　き,
N4,文字,漢字読み,5章,易,閉店セールの　お店で　たくさん　買い物を　しました。,閉店,へいてん,へいでん,べいてん,べいでん,,店 みせ,買 か,物 もの,
N4,文字,漢字読み,5章,易,駅に　着いたら　電話を　ください。むかえに　行きます。,着いたら,ついたら,きいたら,ずいたら,づいたら,,,駅　えき,電話　でんわ,行　い,
N4,文字,漢字読み,5章,易,きょうか書の　53ページを　開いてください。,開いて,ひらいて,かいいて,あいて,あけいて,,書　しょ,
N4,文字,漢字読み,5章,易,すみません。タクシー乗り場は　どこですか。,乗り場,のりば,のりじょう,じょうりば,じょうりじょう,
N4,文字,漢字読み,5章,易,ちょっと　さむいので　まどを　閉めてくれませんか。,閉めて,しめて,しいめて,とめて,とうめて,
N4,文字,漢字読み,5章,易,デパートで　新しい　上着を　買いました。,上着,うわぎ,うえぎ,うえちゃく,うわちゃく,,新　あたら,買　か,
N4,文字,表記,5章,易,私は　東京にある　大学に　かよっています。,かよって,通って,道って,行って,交って,,私　わたし,東京　とうきょう,大学　だいがく,
N4,文字,表記,5章,易,おおどおりに　出たら　右に　まがってください。,おおどおり,大通り,大道り,多通り,多道り,,出　で,右　みぎ,
N4,文字,表記,5章,易,きいろい　かさは　雨の日も　はっきり　わかります。,きいろい,黄色い,金色い,青色い,銀色い,,雨　あめ,日　ひ,
N4,文字,表記,5章,易,今年は　日本に　来る　たいふうが　多いですね。,たいふう,台ふう,交ふう,止ふう,公ふう,,今年　ことし,日本　にほん,来　く,多　おお,
N4,文字,表記,5章,易,プリントの　中に　メモが　まざっていましたよ。,まざって,交ざって,公ざって,校ざって,色ざって,,中　なか,
N4,文字,表記,5章,易,今日は　よく　はれて　そらが　とても　あおいです。,あおい,青い,赤い,白い,明い,,今日　きょう,
N4,文字,表記,5章,易,くにが　ちがうと　こうつうルールも　ちがいます。,こうつう,交通,公通,工通,黄通,
N4,文字,表記,5章,易,今　人気の　ちゃいろい　ブーツを　買おうと　おもいます。,ちゃいろい,茶色い,黄色い,花色い,地色い,,今　いま,人気　にんき,買　か,
N4,文字,表記,5章,易,家の　前に　見たことがない　車が　とまっています。,とまって,止まって,台まって,公まって,通まって,,家　いえ,前　まえ,見　み,車　くるま,
N4,文字,表記,5章,易,ポストを　見たら　手紙が　につう　入っていました。,につう,二通,二道,二台,二交,,見　み,手　て,紙　がみ,
N4,文字,漢字読み,5章,易,この道は　一方通行です。,一方通行,いっぽうつうこう,いちほうつうこう,いっぽつうこう,いちほうつうこ,,道　みち,
N4,文字,漢字読み,5章,易,一人の　青年が　日本への　りゅう学を　きめました。,青年,せいねん,あおねん,せいとし,あおとし,,一人　ひとり,日本　にほん,学　がく,
N4,文字,漢字読み,5章,易,赤道に　近い　国は　あついです。,赤道,せきどう,せきみち,あかどう,あかみち,,近　ちか,国　くに,
N4,文字,漢字読み,5章,易,先生は　じょうだんを　交えた　話が　上手です。,交えた,まじえた,こうえた,まぜえた,まざえた,,先生　せんせい,話　はなし,上手　じょうず,
N4,文字,漢字読み,5章,易,台所で　食じの　じゅんびを　します。,台所,だいどころ,だいところ,だいしょ,だいしょう,,食　しょく,
N4,文字,漢字読み,5章,易,サッカーの　しあいは　雨天のため　中止に　なりました。,中止,ちゅうし,ちょうし,ちゅし,ちょし,,雨天　うてん,
N4,文字,漢字読み,5章,易,三こ分の　らん黄を　ボールに　入れて　まぜてください。,らん黄,らんおう,らんお,らんき,らんきい,,三　さん,分　ぶん,入　い,
N4,文字,漢字読み,5章,易,この道は　車が　たくさん　通るので　気を　つけてください。,通る,とおる,どうる,かよる,つうる,,道　みち,車　くるま,気　き,
N4,文字,漢字読み,5章,易,かお色が　あまり　よくないですね。だいじょうぶですか。,かお色,かおいろ,かおしょく,かおじょく,かおじろ,
N4,文字,漢字読み,5章,易,交さてんでは　左右を　よく見て　わたってください。,交さてん,こうさてん,ごうさてん,こさてん,ごさてん,,左右　さゆう,見　み,
N4,文字,表記,5章,易,先生　あたまが　いたいので　くすりを　もらえませんか。,くすり,薬,茶,発,医,,先生　せんせい,
N4,文字,表記,5章,易,みなさん　しゅくだいの　こたえあわせを　しましょう。,こたえあわせ,こたえ合わせ,こたえ会わせ,こたえ交わせ,こたえ待わせ,
N4,文字,表記,5章,易,山下さんと　広川さんは　気が　あう　友だちです。,あう,合う,会う,計う,安う,,山下　やました,広川　ひろかわ,気　き,友　とも,
N4,文字,表記,5章,易,子どものころから　いしゃに　なるのが　ゆめでした。,いしゃ,医しゃ,病しゃ,薬しゃ,院しゃ,,子　こ,
N4,文字,表記,5章,易,けがをしたので　げかに　行きました。,げか,外科,下科,内科,子科,,行　い,
N4,文字,表記,5章,易,ごうけいで　三万二千円です。,ごうけい,合計,合画,会計,会画,,三万二千円　さんまんにせんえん,
N4,文字,表記,5章,易,明日　友だちの　お見まいに　びょういんへ　行きます。,びょういん,病院,病人,病館,病園,,明日　あした,友　とも,見　み,行　い,
N4,文字,表記,5章,易,あのとけいは　こわれています。時間が　止まっています。,とけい,時計,止計,寺計,都計,,時間　じかん,止　と,
N4,文字,表記,5章,易,２時間　まちましたが　れんらくも　来ないので　帰りました。,まちました,待ちました,止ちました,寺ちました,科ちました,,時間　じかん,来　こ,帰　かえ,
N4,文字,表記,5章,易,あなたが　学びたい　がっかは　何ですか。,がっか,学科,画科,字科,会科,,学　まな,何　なん,
N4,文字,漢字読み,5章,易,音がくに　合わせて　体を　うごかします。,合わせて,あわせて,かわせて,あいわせて,かいわせて,,音　おん,体　からだ,
N4,文字,漢字読み,5章,易,今日の　テストは　いいけっかが　き待できます。,き待,きたい,きだい,きまち,きまつ,,今日　きょう,
N4,文字,漢字読み,5章,易,私の　兄は　今　医学部の　四年生です。,医学部,いがくぶ,いかくぶ,いがくふ,いかくふ,,私　わたし,兄　あに,今　いま,四　よ,年生　ねんせい,
N4,文字,漢字読み,5章,易,友だちと　りょ行の　計画を　立てました。,計画,けいかく,けいが,けかく,けがく,,友　とも,行　こう,立　た,
N4,文字,漢字読み,5章,易,病気のとき　友だちが　スープを　作ってくれました。,病気,びょうき,びょき,びようき,びよぅき,,友　とも,作　つく,
N4,文字,漢字読み,5章,易,１週間に　六科目の　じゅぎょうを　とっています。,六科目,ろっかもく,ろくかもく,ろっかめ,ろくかめ,,週　しゅう,間　かん,
N4,文字,漢字読み,5章,易,すみません。会計を　おねがいします。,会計,かいけい,がいけい,あいけい,あうけい,
N4,文字,漢字読み,5章,易,のどが　いたいので　薬きょくで　のどあめを　買いました。,薬きょく,やっきょく,やくきょく,やきょく,やっくきょく,,買　か,
N4,文字,漢字読み,5章,易,私は　大学院に　行こうと　おもって　日本へ　来ました。,大学院,だいがくいん,たいがくいん,だいがくえん,たいがくえん,,私　わたし,行　い,日本　にほん,
N4,文字,漢字読み,5章,易,50メートルを　何秒で　はしれるか　タイムを　計ります。,計ります,はかります,はがります,はかっります,はがっります,,何秒　なんびょう,
N4,文字,表記,5章,難,えきまえの　カフェで　友だちに　会います。,えきまえ,駅前,駅後,駅発,駅内,,友　とも,会　あ,
N4,文字,表記,5章,難,２時間 まちましたが れんらくが ないので 帰りました。 ,まちました,待ちました,止ちました,発ちました,科ちました,時間　じかん,帰　かえ,
N4,文字,表記,5章,難,あついですね。まどを　少し　あけてもいいですか。,あけても,開けても,閉けても,合けても,止けても,,少　すこ,
N4,文字,表記,5章,難,バスを　おりるときは　ボタンを　おしてください。,おりる,降りる,乗りる,通りる,待りる,
N4,文字,表記,5章,難,みなさん あつまりましたね。では、しゅっぱつしましょう。,しゅっぱつ,出発,止発,始発,終発,
N4,文字,表記,5章,難,きいろい　かさは　雨の日も　はっきり　わかります。,きいろい,黄色い,青色い,赤色い,金色い,,日　ひ,雨　あめ,
N4,文字,表記,5章,難,プリントの　中に　メモが　まざっていましたよ。,まざって,交ざって,台ざって,合ざって,計ざって,,中　なか,
N4,文字,表記,5章,難,家の　前に　見たことがない　車が　とまっています。,とまって,止まって,待まって,通まって,閉まって,,家　いえ,前　まえ,見　み,車　くるま,
N4,文字,表記,5章,難,山下さんと　広川さんは　気が　あう　友だちです。,あう,合う,会う,開う,着う,山下　やました,広川　ひろかわ,気　き,友　とも,
N4,文字,表記,5章,難,ごうけいで　三万二千円です。,ごうけい,合計,会計,号計,台計,三万二千円　さんまんにせんえん,
N4,文字,漢字読み,5章,難,閉店セールの　お店で　たくさん　買い物を　しました。,閉店,へいてん,かいてん,しめみせ,あけみせ,,店　みせ,買　か,物　もの,
N4,文字,漢字読み,5章,難,50メートルを 何秒で はしれるか タイムを 計ります。,計ります,はかります,はがります,とります,とうります,,何秒　なんびょう,
N4,文字,漢字読み,5章,難,くうこうに　着いたら　電話を　ください。,着いたら,ついたら,きいたら,おいたら,かいたら,,電話　でんわ,
N4,文字,漢字読み,5章,難,すみません。タクシー乗り場は　どこですか。,乗り場,のりば,のりじょう,おりば,おりじょう,
N4,文字,漢字読み,5章,難,ちょっと　さむいので　まどを　閉めてくれませんか。　,閉めて,しめて,とめて,やめて,あめて,
N4,文字,漢字読み,5章,難,サッカーの　しあいは　雨天のため　中止に　なりました。,中止,ちゅうし,ちゅし,ちゅうじ,ちゅじ,,雨天　うてん,
N4,文字,漢字読み,5章,難,この道は車が たくさん 通るので 気を つけてください。,通る,とおる,とうる,つうる,かよる,道　みち,車　くるま,気　き,
N4,文字,漢字読み,5章,難,一人の　青年が　日本への　りゅう学を　きめました。,青年,せいねん,せいとし,あおねん,あおとし,,一人　ひとり,日本　にほん,学　がく,
N4,文字,漢字読み,5章,難,友だちと　りょ行の　計画を　立てました。,計画,けいかく,けいが,けいか,けいがく,友　とも,行　こう,立　た,
N4,文字,漢字読み,5章,難,病気のとき　友だちが　スープを　作ってくれました。,病気,びょうき,びゃうき,びょうぎ,びゃうぎ,友　とも,作　つく,
N4,文字,表記,6章,易,林さんは　すうがくが　一番　とくいです。,すうがく,数学,数字,数合,数会,,林　はやし,一番　いちばん,
N4,文字,表記,6章,易,大学で　しんりがくの　じっけんを　しました。 ,しんりがく,心理学,心理字,心利学,心利字,,大学　だいがく,
N4,文字,表記,6章,易,にほんごの　べんきょうは　むずかしいです。,にほんご,日本語,日本話,日木語,日木話,
N4,文字,表記,6章,易,テストまで　あと何日か　かぞえます。,かぞえます,数えます,化えます,研えます,究えます,,何日　なんにち,
N4,文字,表記,6章,易,東京は　日本の　せいじの　ちゅうしんです。,ちゅうしん,中心,内心,中文,内文,,東京　とうきょう,日本　にほん,
N4,文字,表記,6章,易,私の　高校は　ぶんけいと　理けいに　分かれています。,ぶんけい,文けい,心けい,化けい,数けい,,私　わたし,高校　こうこう,理　り,分　わ,
N4,文字,表記,6章,易,私の　兄は　けんきゅうじょに　つとめています。,けんきゅうじょ,研究所,研究場,研究上,研究科,,私　わたし,兄　あに,
N4,文字,表記,6章,易,レストランで　カレーライスを　ちゅうもんしました。,ちゅうもん,ちゅう文,ちゅう門,ちゅう化,ちゅう心,
N4,文字,表記,6章,易,すみません。私は　えいごが　ぜんぜん　わかりません。,えいご,英語,映語,映話,英話,,私　わたし,
N4,文字,漢字読み,6章,易,元気な　声を　聞いて　安心しました。　,安心,あんしん,あんじん,あしん,あじん,,元気　げんき,声　こえ,聞　き,
N4,文字,漢字読み,6章,易,なつ休みの　しゅくだいで　自由研究を　やりました。 ,じゆう研究,じゆうけんきゅう,じゆうけんきゅ,じゆうけんしゅう,じゆうけんしゅ,,休　やす,
N4,文字,漢字読み,6章,易,ノートに　たん語を　書いて　おぼえます。,たん語,たんご,たんこ,たんわ,たんば,,書　か,
N4,文字,漢字読み,6章,易,アルバイトで　一カ月間　研しゅうを　うけます。,研しゅう,けんしゅう,げんしゅう,きゅうしゅう,きゃうしゅう,,一カ月間　いっかげつかん,
N4,文字,漢字読み,6章,易,高校時代　化学が　にが手でした。　,化学,かがく,ががく,けがく,げがく,,高校　こうこう,時代　じだい,手　て,
N4,文字,漢字読み,6章,易,「家族」を　テーマに　作文を　書きました。,作文,さくぶん,さぶん,さくもん,さもん,,家族　かぞく,書　か,
N4,文字,漢字読み,6章,易,山田くんが　みんなに　じ分の　ゆめを　語っています。,語って,かたって,がたって,はなって,ばなって,,山田　やまだ,分　ぶん,
N4,文字,漢字読み,6章,易,ここに　ある　ボールの　数を　かぞえてください。,数,かず,かづ,すう,ずう,
N4,文字,漢字読み,6章,易,私の　かの女は　化しょうに　30分も　かかります。 ,化しょう,けしょう,げしょう,かしょう,がしょう,,私　わたし,かの女　じょ,分　ぷん,
N4,文字,漢字読み,6章,易,なやみごとを　そうだんして　心が　すっきりしました。 ,心,こころ,ごころ,しん,じん,
N4,文字,表記,6章,易,私は　おさけが　あまり　とくいではありません。,おさけ,お酒,お楽,お薬,お西,,私　わたし,
N4,文字,表記,6章,易,前田くんは　映画の　ちしきを　たくさん　持っています。 ,ちしき,知しき,遅しき,若しき,地しき,,前田　まえだ,映画　えいが,持　も,
N4,文字,表記,6章,易,コンサート会場に　だんだん　人が　あつまってきました。,あつまって,集まって,知まって,数まって,楽まって,,会場　かいじょう,人　ひと,
N4,文字,表記,6章,易,こうかを　聞いて　母校を　思い出しました。,こうか,校歌,公歌,好歌,交歌,,聞　き,母校　ぼこう,思　おも,出　だ,
N4,文字,表記,6章,易,おじさんが　はなうたを　うたっています。,はなうた,はな歌,はな声,はな楽,はな音,
N4,文字,表記,6章,易,１時間　しゅうちゅうして　べんきょうしました。,しゅうちゅう,集中,声中,酒中,週中,,時間　じかん,
N4,文字,表記,6章,易,今日の　合コンは　とても　たのしかったです。,たのしかった,楽しかった,薬しかった,歌しかった,声しかった,,今日　きょう,合　ごう,
N4,文字,表記,6章,易,青山さんという人を　しっていますか。,しって,知って,集って,若って,合って,,青山　あおやま,人　ひと,
N4,文字,表記,6章,易,私の方が　かれより　三さい　わかいです。,わかい,若い,知い,右い,楽い,,私　わたし,方　ほう,三　さん,
N4,文字,表記,6章,易,となりの　部屋から　わらいごえが　聞こえます。,わらいごえ,わらい声,わらい音,わらい楽,わらい歌,,部屋　へや,聞　き,
N4,文字,漢字読み,6章,易,合コンで　友だちと　知り合いました。　,知り合いました,しりあいました,ちりあいました,じりあいました,ぢりあいました,,合　ごう,友　とも,
N4,文字,漢字読み,6章,易,妹は　いろいろな　人ぎょうを　集めています。 ,集めて,あつめて,あづめて,しめて,じめて,,妹　いもうと,人　にん,
N4,文字,漢字読み,6章,易,マイクの　音声を　チェックします。,音声,おんせい,おとせい,おとこえ,おとごえ,
N4,文字,漢字読み,6章,易,大学から　合かくの　通知が　とどきました。　,通知,つうち,つうぢ,とおち,とおぢ,,大学　だいがく,合　ごう,
N4,文字,漢字読み,6章,易,このい酒屋は　若ものに　人気が　あります。,若もの,わかもの,わかいもの,わっかもの,わかっもの,,酒屋　ざかや,人気　にんき,
N4,文字,漢字読み,6章,易,飲酒うんてんは　ぜったいに　やめてください。 ,飲酒うんてん,いんしゅうんてん,いんしゅううんてん,のみさけうんてん,のみざかうんてん,
N4,文字,漢字読み,6章,易,私の　夫は　音楽かんけいの　しごとを　しています。 ,音楽,おんがく,おんらく,おとがく,おとらく,,私　わたし,夫　おっと,
N4,文字,漢字読み,6章,易,けんじさんは　声が　とても　大きいです。 ,声,こえ,ごえ,おと,おん,,大　おお,
N4,文字,表記,6章,易,なつに　なると　むぎちゃを　飲みたくなります。,むぎちゃ,麦茶,青茶,米茶,毎茶,,飲 の,
N4,文字,表記,6章,易,すみません。今　こまかい　お金が　ありません。 ,こまかい,細かい,油かい,太かい,若かい,,今 いま,金 かね,
N4,文字,表記,6章,易,この店の　ラーメンは　めんが　ふといです。,ふとい,太い,大い,犬い,木い,,店　みせ,
N4,文字,表記,6章,易,ちょうみりょうは　何か　ひつようですか。,ちょうみりょう,ちょう味料,ちょう見料,ちょう油料,ちょう理料,,何　なに,
N4,文字,表記,6章,易,知らない　ところへ　行くのは　こころぼそいです。,こころぼそい,心細い,心太い,心皿い,心糸い,,知　し,行　い,
N4,文字,表記,6章,易,ほりえさんは　ヨットで　たいへいようを　わたりました。,たいへいよう,太へい洋,大へい洋,犬へい洋,木へい洋,
N4,文字,表記,6章,易,ゆうはんの　おかずを　買いに　スーパーへ　行きます。　,ゆうはん,夕飯,夕飲,夕食,夕晩,,買　か,行　い,
N4,文字,表記,6章,易,このラーメンは　あじが　うすくて　おいしくないです。,あじ,味,麦,飯,細,
N4,文字,表記,6章,易,とりざらに　おかずを　とり分けます。,とりざら,とり皿,とり田,とり油,とり目,,分　わ,
N4,文字,表記,6章,易,ぎょうざに　ラーゆを　つけて　食べます。,ゆ,油,田,細,味,,食 た,
N4,文字,漢字読み,6章,易,小麦こで　パンや　うどんを　作ります。,小麦こ,こむぎこ,こむきこ,しょうむぎこ,しょうむきこ,,作　つく,
N4,文字,漢字読み,6章,易,はじめての　フランス料理を　味わいました。,味わいました,あじわいました,あしわいました,みいわいました,みわいました,,料理　りょうり,
N4,文字,漢字読み,6章,易,さい近　食べすぎて　少し　太ってきました。,太って,ふとって,ふどって,たいって,だいって,,近　きん,食　た,少　すこ,
N4,文字,漢字読み,6章,易,石油ストーブで　部屋を　あたためます。,石油,せきゆ,せきゆう,せきゅ,せきゅう,,部屋　へや,
N4,文字,漢字読み,6章,易,友だちと　昼ご飯を　食べる　やくそくをしました。　,昼ご飯,ひるごはん,ひるごぱん,ちゅうごはん,ちゅうごばん,,友　とも,食　た,
N4,文字,漢字読み,6章,易,お気に入りの　お皿を　わってしまいました。,お皿,おさら,おざら,おさっら,おざっら,,気　き,入　い,
N4,文字,漢字読み,6章,易,ちょうど　いいか　味見を　してください。 ,味見,あじみ,あじけん,みみ,みけん,
N4,文字,漢字読み,6章,易,店長に　きゅうよ明細を　もらいました。,明細,めいさい,めいほそ,あけさい,あけぼそ,,店長　てんちょう,
N4,文字,漢字読み,6章,易,まりさんは　うでが　細いのに　力が　あります。 ,細い,ほそい,ぼそい,こまかい,こまい,,力　ちから,
N4,文字,漢字読み,6章,易,しおラーメンに　ごま油を　入れると　おいしいです。,ごま油,ごまあぶら,ごまあぶうら,ごまゆ,ごまゆう,,入　い,
N4,文字,表記,6章,難,テストまで　あと何日か　かぞえます。,かぞえます,数えます,集えます,究えます,細えます,,何日　なんにち,
N4,文字,表記,6章,難,すみません。今　こまかい　お金が　ありません。 ,こまかい,細かい,油かい,味かい,糸かい,,今　いま,金　かね,
N4,文字,表記,6章,難,私の　兄は　けんきゅうじょに　つとめています。,けんきゅうじょ,研究所,研究場,見究所,見究場,,私　わたし,兄　あに,
N4,文字,表記,6章,難,大学で　しんりがくの　じっけんを　しました。,しんりがく,心理学,親理学,文理学,新理学,,大学　だいがく,
N4,文字,表記,6章,難,コンサート会場に　だんだん　人が　あつまってきました。,あつまって,集まって,研まって,若まって,楽まって,,会場　かいじょう,人　ひと,
N4,文字,表記,6章,難,今日の　合コンは　とても　たのしかったです。,たのしかった,楽しかった,歌しかった,薬しかった,心しかった,,今日　きょう,合　ごう,
N4,文字,表記,6章,難,私の方が　かれより　三さい　わかいです。,わかい,若い,古い,岩い,軽い,,私　わたし,方　ほう,三　さん,
N4,文字,表記,6章,難,なつに　なると　むぎちゃを　飲みたくなります。,むぎちゃ,麦茶,青茶,赤茶,黄茶,,飲　の,
N4,文字,表記,6章,難,この店の　ラーメンは　めんが　ふといです。,ふとい,太い,大い,木い,犬い,,店　みせ,
N4,文字,表記,6章,難,知らない　ところへ　行くのは　こころぼそいです。,こころぼそい,心細い,心少い,心油い,心若い,,知　し,行　い,
N4,文字,漢字読み,6章,難,両親が　元気だと聞いて　安心しました。,安心,あんしん,あしん,あんじん,あじん,,両親　りょうしん,元気　げんき,聞　き,
N4,文字,漢字読み,6章,難,店長に　きゅうよ明細を　もらいました。,明細,めいさい,みんさい,あけさい,あかさい,,店長　てんちょう,
N4,文字,漢字読み,6章,難,高校時代　化学が　にが手でした。,化学,かがく,ががく,けがく,げがく,,高校　こうこう,時代　じだい,手　て,
N4,文字,漢字読み,6章,難,「家族」を　テーマに　作文を　書きました。,作文,さくぶん,つくぶん,さくもん,つくもん,,家族　かぞく,書　か,
N4,文字,漢字読み,6章,難,大学から　合かくの　通知が　とどきました。　,通知,つうち,つうじ,とおち,とおじ,大学　だいがく,合　ごう,
N4,文字,漢字読み,6章,難,私の　夫は　音楽かんけいの　しごとを　しています。,音楽,おんがく,おんらく,おとがく,おとらく,,私　わたし,夫　おっと,
N4,文字,漢字読み,6章,難,けんじさんは　声が　とても　大きいです。,声,こえ,おと,ごえ,おど,,大　おお,
N4,文字,漢字読み,6章,難,この歌手の　CDは　ぜんぶ　持っています。,歌手,かしゅ,かしゅう,うたて,うたで,,持　も,
N4,文字,漢字読み,6章,難,さい近　食べすぎて　少し　太ってきました。,太って,ふとって,ぶとって,たいって,だいって,,近　きん,食　た,少　すこ,
N4,文字,漢字読み,6章,難,ちょうど　いいか　味見を　してください。,味見,あじみ,みみ,あじけん,みけん,
N4,文字,表記,6章,易,日本の　ぶんかを　学びに　来ました。,ぶんか,文化,分化,文科,分科,,学　まな,来　き,
N4,文字,漢字読み,6章,易,カラオケに　行って　みんなで　歌いました。,歌いました,うたいました,うったいました,かいました,かいいました,,行　い,
N4,文字,漢字読み,6章,易,この歌手の　CDは　ぜんぶ　持っています。 ,歌手,かしゅ,がしゅ,うたて,うたで,,持　も,
N4,文字,表記,7章,易,あきカンは　ごみばこに　すててください。,あきカン,空きカン,開きカン,明きカン,秋きカン,
N4,文字,表記,7章,易,かこの　ことは　わすれて　これからを　考えましょう。,かこ,か去,か来,か空,か夏,,考　かんが,
N4,文字,表記,7章,易,火星に　生物が　いる　という　人も　います。,火星,かせい,ひせい,かぼし,ひぼし,,生物　せいぶつ,人　ひと,
N4,文字,表記,7章,易,せきらんうんが　出ていたので　しゃしんを　とりました。,せきらんうん,せきらん雲,せきらん雨,せきらん空,せきらん星,,出　で,
N4,文字,表記,7章,易,しゅんぶんのひに　はかまいりに　行(い)きました。,しゅんぶんのひ,春分の日,秋分の日,春分の火,秋分の火,,行　い,
N4,文字,表記,7章,易,こい人は　私の　もとを　さって　行きました。,さって,去って,通って,道って,知って,,人　びと,私　わたし,行　い,
N4,文字,表記,7章,易,ふゆやすみに　北海道へ　スキーをしに　行きます。,ふゆやすみ,冬休み,秋休み,冬体み,秋体み,,北海道　ほっかいどう,行　い,
N4,文字,表記,7章,易,今日は　まふゆの　さむさでした。,まふゆ,ま冬,ま夏,ま秋,ま春,,今日　きょう,
N4,文字,表記,7章,易,今年の　なつは　花火大会へ　行きたいです。,なつ,夏,秋,春,冬,,今年　ことし,花　はな,火　び,大　たい,会　かい,行　い,
N4,文字,表記,7章,易,山の　上の　くうきは　つめたくて　きれいです。,くうき,空気,雲気,空着,雲着,,山　やま,上　うえ,
N4,文字,漢字読み,7章,易,毎年　春に　さくらを　見るのが　楽しみです。,春,はる,ばる,なつ,なづ,,毎年　まいとし,見　み,楽　たの,
N4,文字,漢字読み,7章,易,西の　空に　日が　しずんでいます。,空,そら,ぞら,くう,から,,西 にし,日 ひ,
N4,文字,漢字読み,7章,易,火星に　生物が　いる　という　人も　います。,火星,かせい,ひせい,かぼし,ひぼし,,生物　せいぶつ,人　ひと,
N4,文字,漢字読み,7章,易,夕べ　月が　雲に　かくれて　見えませんでした。,雲,くも,ぐも,あめ,さめ,,夕　ゆう,月　つき,見　み,
N4,文字,漢字読み,7章,易,夏休みに　山へ　キャンプに　行くつもりです。　,夏休み,なつやすみ,なつやずみ,なづやすみ,なづやずみ,,山　やま,行　い,
N4,文字,漢字読み,7章,易,去年の　４月に　日本へ　来ました。,去年,きょねん,きゅねん,きょうねん,きゅうねん,,４月　がつ,日本　にほん,来　き,
N4,文字,漢字読み,7章,易,日本は　春夏秋冬が　はっきりしています。,春夏秋冬,しゅんかしゅうとう,しゅんかしゅんとう,しゅうかしゅんとう,しゅうかしゅうとう,,日本　にほん,
N4,文字,漢字読み,7章,易,時間が　空いたら　れんらく　してください。,空いたら,あいたら,あけいたら,からいたら,そらいたら,,時間　じかん,
N4,文字,漢字読み,7章,易,都会では　星は　なかなか　見られません。,星,ほし,ぼし,ほうし,ぼうし,,都会　とかい,見　み,
N4,文字,漢字読み,7章,易,秋は　スポーツを　するのに　いい　きせつです。,秋,あき,あぎ,しゅん,しゅう,
N4,文字,表記,7章,易,このビルは　じしんに　つよい　たて物です。,つよい,強い,弱い,風い,暑い,,物　もの,
N4,文字,表記,7章,易,冬山に　行くなら　しっかり　ぼうかんを　しましょう。,ぼうかん,ぼう寒,ぼう暑,ぼう強,ぼう雪,,冬　ふゆ,山　やま,行　い,
N4,文字,表記,7章,易,ゆきを　あつめて　ゆきだるまを　作りました。,ゆき,雪,雨,雲,風,,作　つく,
N4,文字,表記,7章,易,きのうの　夜は　あつくて　ねむれませんでした。,あつくて,暑くて,寒くて,強くて,弱くて,,夜　よる,
N4,文字,表記,7章,易,てんきよほうに　よると　明日は　雨が　ふるそうです。,てんきよほう,天気よほう,空気よほう,天着よほう,空着よほう,,明日　あした,雨　あめ,
N4,文字,表記,7章,易,エアコンを　少し　よわめてください。,よわめて,弱めて,強めて,暑めて,寒めて,,少　すこ,
N4,文字,表記,7章,易,部屋に　かぜを　入れるため　まどを　開けました。,かぜ,風,雲,空,寒,,部屋　へや,開　あ,
N4,文字,表記,7章,易,赤ちゃんの　ねがおは　まるで　てんしの　ようです。,てんし,天使,天子,天紙,天私,
N4,文字,表記,7章,易,おでんは　よわびで　じっくり　にたほうが　おいしいです。,よわび,弱火,強火,弱日,強日,
N4,文字,表記,7章,易,わふうと　ようふうの　どちらの　料理が　いいですか。,ようふう,洋風,様風,洋天,様天,,料理　りょうり,
N4,文字,漢字読み,7章,易,子どものとき　体が　弱くて　よく　かぜを　ひきました。 ,弱くて,よわくて,よわいくて,じゃくくて,じょくくて,,子　こ,体　からだ,
N4,文字,漢字読み,7章,易,今年は　もう暑日が　つづきました。,もう暑日,もうしょび,もうしょうび,もうしょにち,もうしょうにち,,今年　ことし,
N4,文字,漢字読み,7章,易,やさいを　いためるときは　火を　強めましょう。,強めましょう,つよめましょう,よわめましょう,づめましょう,よめましょう,,火　ひ,
N4,文字,漢字読み,7章,易,寒いので　コートを　着て　出かけました。,寒い,さむい,よわい,つよい,いたい,,着　き,出　で,
N4,文字,漢字読み,7章,易,台風が　近づいているので　外に　出ないでください。,台風,たいふう,だいふう,たいぶう,だいぶう,,近　ちか,外　そと,出　で,
N4,文字,漢字読み,7章,易,強風が　ふいて　かんばんが　おちました。,強風,きょうふう,きょうふ,きゃうふう,きゃうふ,,
N4,文字,漢字読み,7章,易,うんどうを　していないので　足が　弱ってきました。,弱って,よわって,よわりって,やわって,まいって,
N4,文字,漢字読み,7章,易,新雪の　ゲレンデを　すべるのは　気もちがいいです。,新雪,しんせつ,しんゆき,じんゆき,じんせつ,,気　き,
N4,文字,漢字読み,7章,易,明日　晴れたら　友だちと　テニスを　します。 ,晴れたら,はれたら,ばれたら,かれたら,がれたら,,明日　あした,友　とも,
N4,文字,漢字読み,7章,易,雨天の　ため　やきゅうの　しあいは　中止です。,雨天,うてん,あめてん,うそら,あめぞら,,中止　ちゅうし,
N4,文字,表記,7章,易,友だちの　レポートを　うつしては　いけません。,うつして,写して,映して,真して,持して,,友　とも,
N4,文字,表記,7章,易,ゆう園地で　ふうせんを　もらいました。,ふうせん,風船,雲船,雪船,雨船,,園　えん,地　ち,
N4,文字,表記,7章,易,花の　しゃしんを　とるのが　好きです。,しゃしん,写真,写新,写心,写親,,花　はな,好　す,
N4,文字,表記,7章,易,せかいへいわを　ねがう　イベントが　行われました。,せかい,世界,世会,船界,船会,,行　おこな,
N4,文字,表記,7章,易,ホラー映画を　見て　きもちが　わるくなりました。,きもち,気持ち,木持ち,着持ち,来持ち,,映画　えいが,見　み,
N4,文字,表記,7章,易,けいさつに　行って　しんじつを　話してください。,しんじつ,真じつ,心じつ,写じつ,世じつ,,行　い,話　はな,
N4,文字,表記,7章,易,体力の　げんかいに　ちょうせんしています。,げんかい,げん界,げん真,げん世,げん強,,体力　たいりょく,
N4,文字,表記,7章,易,キャンプの　前日に　もちものを　かくにんしました。　,もちもの,持ち物,旅ち物,写ち物,世ち物,,前日　ぜんじつ,
N4,文字,表記,7章,易,りょひを　ためるために　アルバイトを　しています。,りょひ,旅ひ,去ひ,界ひ,船ひ,
N4,文字,漢字読み,7章,易,山田さんは　同きより　早く　出世しました。,出世,しゅっせ,しゅうせい,しゅっせい,しゅうせ,,山田　やまだ,同　どう,早　はや,
N4,文字,漢字読み,7章,易,この客船には　プールや　カジノなどが　あります。,客船,きゃくせん,きゃくぶね,かくせん,かくぶね,
N4,文字,漢字読み,7章,易,私の　右に　写っている人が　私の　母です。,写って,うつって,うっつって,うって,うっつて,,私　わたし,右　みぎ,人　ひと,母　はは,
N4,文字,漢字読み,7章,易,夏休みに　一人旅する　よていです。,一人旅,ひとりたび,いちにんたび,ひとりったび,いちにんったび,,夏　なつ,休　やす,
N4,文字,漢字読み,7章,易,船で　こうべへ　行ったので　時間が　かかりました。,船,ふね,ふな,せん,びん,,行　い,時間　じかん,
N4,文字,漢字読み,7章,易,妹は　歌手として　げいのう界で　かつやくしています。,げいのう界,げいのうかい,げいのうがい,げいのうかん,げいのうけん,,妹　いもうと,歌手　かしゅ,
N4,文字,漢字読み,7章,易,ろてんぶろが　ある　おんせん旅館を　よやくしました。,旅館,りょかん,りょうかん,りょがん,りょうがん,,
N4,文字,漢字読み,7章,易,荷物が　重いので　持って　もらえませんか。,持って,もって,まって,しって,かって,,荷物　にもつ,重　おも,
N4,文字,漢字読み,7章,易,今は　インターネットで　買い物が　できる　世の中です。,世の中,よのなか,せのなか,よのうち,せのうち,,今　いま,買　か,物　もの,
N4,文字,漢字読み,7章,易,部屋の　真ん中に　テーブルを　おきました。,真ん中,まんなか,まんなが,しんなか,しんなが,,部屋　へや,
N4,文字,表記,7章,難,しゅんぶんのひに　はかまいりに　行きました。,しゅんぶんのひ,春分の日,春文の日,秋分の日,秋文の日,行　い,
N4,文字,表記,7章,難,ゆう園地で　ふうせんを　もらいました。 ,ふうせん,風船,風天,風千,風先,,園地　えんち,
N4,文字,表記,7章,難,こい人は　私の　もとを　さって　いきました。,さって,去って,行って,旅って,持って,私　わたし,
N4,文字,表記,7章,難,山の　上の　くうきは　つめたくて　きれいです。,くうき,空気,空木,風気,風木,山　やま,上　うえ,
N4,文字,表記,7章,難,このビルは　じしんに　つよい　たて物です。,つよい,強い,弱い,暑い,寒い,物　もの,
N4,文字,表記,7章,難,きのうの　夜は　あつくて　ねむれませんでした。,あつくて,暑くて,寒くて,晴くて,雲くて,夜　よる,
N4,文字,表記,7章,難,部屋に　かぜを　入れるため　まどを　開けました。,かぜ,風,空,船,雪,部屋　へや,開　あ,
N4,文字,表記,7章,難,りょこうするために　スーツケースを　買いました。,りょこう,旅行,旅交,族行,族交,買　か,
N4,文字,表記,7章,難,せかいへいわを　ねがう　イベントが　行われました。,せかい,世界,社界,世会,社会,行　おこな,
N4,文字,表記,7章,難,ホラー映画を　見て　きもちが　わるくなりました。,きもち,気持ち,気待ち,着持ち,着待ち,映画　えいが,見　み,
N4,文字,漢字読み,7章,難,去年に　くらべて　今年は　ゆきが　多いです。,去年,きょねん,きゅねん,きょうねん,きゅうねん,,今年　ことし,多　おお,
N4,文字,漢字読み,7章,難,日本は　春夏秋冬が　はっきりしています。,春夏秋冬,しゅんかしゅうとう,しゅうかしゅんとう,しゅかしゅうとう,しゅかしゅんとう,日本　にほん,
N4,文字,漢字読み,7章,難,時間が　空いたら　れんらく　してください。,空いたら,あいたら,かいたら,ないたら,ひいたら,時間　じかん,
N4,文字,漢字読み,7章,難,寒いので　コートを　着て　出かけました。　,寒い,さむい,あつい,つめたい,すずしい,着　き,出　で,
N4,文字,漢字読み,7章,難,台風が　近づいているので　外に　出ないでください。,台風,たいふう,だいふう,たいぶう,だいぶう,,近　ちか,外　そと,出　で,
N4,文字,漢字読み,7章,難,うんどうを　していないので　足が　弱ってきました。,弱って,よわって,いたって,かよって,つよって,
N4,文字,漢字読み,7章,難,雨天の　ため　やきゅうの　しあいは　中止です。,雨天,うてん,うでん,あめてん,あまてん,,中止　ちゅうし,
N4,文字,漢字読み,7章,難,私の　右に　写っている人が　私の　母です。,写っている,うつっている,うっている,しゃっている,さっている,私　わたし,右　みぎ,人　ひと,私　わたし,母　はは,
N4,文字,漢字読み,7章,難,ろてんぶろが　ある　おんせん旅館を　よやくしました。,旅館,りょかん,りょうかん,りょがん,りょうがん,
N4,文字,表記,7章,易,りょこうするために　スーツケースを　買いました。,りょこう,旅行,旅去,旅交,旅好,,買　か,
N4,文字,漢字読み,7章,難,今は　インターネットで　買い物が　できる　世の中です。,世の中,よのなか,よのじゅう,せのなか,せのじゅう,,今　いま,買　か,物　もの,
N4,文字,表記,8章,易,きのう　見た　映画の　だいめいを　わすれてしまいました。,だいめい,題名,題目,宿名,宿目,,見　み,映　えい,画　が,
N4,文字,表記,8章,易,アルバイトの　後はいに　しごとを　おしえました。,おしえました,教えました,問えました,質えました,勉えました,,後　こう,
N4,文字,表記,8章,易,わからない　ところは　先生に　しつもんします。,しつもん,質問,質聞,質間,質門,,先生　せんせい,
N4,文字,表記,8章,易,この金ぞくの　せいしつを　しらべます。,せいしつ,せい質,せい問,せい題,せい宿,,金　きん,
N4,文字,表記,8章,易,きょうしつで　たばこを　すってはいけません。,きょうしつ,教室,教屋,勉室,勉屋,
N4,文字,表記,8章,易,毎日　かんじを　十こずつ　おぼえます。,かんじ,漢字,漢学,問字,問学,,毎　まい,日　にち,十　じっ,
N4,文字,表記,8章,易,日本語の　べんきょうは　とても　楽しいです。,べんきょう,勉強,研強,便強,題強,,日　に,本　ほん,語　ご,楽　たの,
N4,文字,表記,8章,易,テストは　よく　もんだいを　読んでください。,もんだい,問題,門題,聞題,間題,,読　よ,
N4,文字,表記,8章,易,やどから　きれいな　星が　見えました。,やど,宿,宅,室,屋,,星　ほし,見　み,
N4,文字,表記,8章,易,日本語の　きょうかしょを　三さつ　買いました。,きょうかしょ,教科書,教漢書,教歌書,教化書,,日　に,本　ほん,語　ご,三　さん,買　か,
N4,文字,漢字読み,8章,易,室内は　すずしくて　気持ちがいいです。,室内,しつない,しいない,しつうち,しいうち,,気　き,持　も,
N4,文字,漢字読み,8章,易,「５」は　漢数字で　「五」と　書きます。,漢数字,かんすうじ,はんすうじ,かんすじ,かんかずじ,,書　か,
N4,文字,漢字読み,8章,易,明日は　二社　ほう問する　よていです。,ほう問,ほうもん,ほうとい,ほうめん,ほうかい,,明日　あした,二　に,社　しゃ,
N4,文字,漢字読み,8章,易,１年間　おなじ先生に　日本語を　教わりました。,教わりました,おそわりました,おしわりました,まじわりました,まざわりました,,年　ねん,間　かん,先　せん,生　せい,日　に,本　ほん,語　ご　,
N4,文字,漢字読み,8章,易,この問いは　どういう　い味ですか。,問い,とい,かい,もんい,とうい,,味　み,
N4,文字,漢字読み,8章,易,今日の　宿題は　少し　むずかしいです。,宿題,しゅくだい,しょくだい,しゅうくだい,しょうくだい,,今日　きょう,少　すこ,
N4,文字,漢字読み,8章,易,かぜを　ひいたときは　漢方薬を　飲みます。,漢方薬,かんぽうやく,かんぽやく,かんぽうぐすり,かんぽぐすり,,飲　の,
N4,文字,漢字読み,8章,易,田中さんは　きん勉な　人です。,きん勉な,きんべんな,きんきょうな,きんべんっな,きんきょな,,田中　たなか,人　ひと,
N4,文字,漢字読み,8章,易,夏休みは　ずっと　大学院の　研究室に　いました。,研究室,けんきゅうしつ,けんきゅしつ,けんきょうしつ,けんきょしつ,,夏　なつ,休　やす,大　だい,学　がく,院　いん,
N4,文字,漢字読み,8章,易,新宿には　東京都ちょうが　あります。,新宿,しんじゅく,しんじく,しんじゅうく,しんじいく,,東　とう,京　きょう,都　と,
N4,文字,表記,8章,易,来年の　しょうがつは　くにへ　帰るつもりです。,しょうがつ,正月,正同,小同,小月,,来　らい,年　ねん,帰　かえ,
N4,文字,表記,8章,易,先生の　質問に　はっきり　こたえてください。,こたえて,答えて,験えて,問えて,正えて,,先　せん,生　せい,質　しつ,問　もん,
N4,文字,表記,8章,易,アルバイトの　めんせつは　ふごうかくでした。,ふごうかく,不合かく,不考かく,不同かく,不答かく,
N4,文字,表記,8章,易,こたえは　きれいに　書いてください。,こたえ,答え,丸え,正え,考え,,書　か,
N4,文字,表記,8章,易,きまつしけんは　３日間です。,しけん,試験,紙験,試研,紙研,,日　か,間　かん,
N4,文字,表記,8章,易,せいかくに　発音することが　大切です。,せいかくに,正かくに,同かくに,世かくに,試かくに,,発　はつ,音　おん,大　たい,切　せつ,
N4,文字,表記,8章,易,の口さんは　プラスしこうで　とても　明るいです。,しこう,思考,心考,子考,私考,,口　ぐち,明　あか,
N4,文字,表記,8章,易,私は　山田さんと　どうきゅうせいです。,どうきゅうせい,同きゅう生,同きゅう正,同きゅう世,同きゅう人,,私　わたし,山　やま,田　だ,
N4,文字,表記,8章,易,このテストで　じ分の　じつ力を　ためしてください。,ためして,試して,験して,考して,問して,,分　ぶん,力　りょく,
N4,文字,表記,8章,易,よく　かんがえて　大学を　きめてください。,かんがえて,考えて,題えて,教えて,勉えて,,大　だい,学　がく,
N4,文字,漢字読み,8章,易,つぎの　えを　さん考にして　こたえてください。,さん考,さんこう,さんこ,さんこっ,さんっこう,
N4,文字,漢字読み,8章,易,体育の　じゅぎょうで　ほう丸なげを　しました。,ほう丸なげ,ほうがんなげ,ほうかんなげ,ほうまるなげ,ほうまうるなげ,,体　たい,育　いく,
N4,文字,漢字読み,8章,易,友だちから　不思ぎな　話を　聞きました。,不思ぎな,ふしぎな,ぶしぎな,ふじぎな,ぶじぎな,,友　とも,話　はなし,聞　き,
N4,文字,漢字読み,8章,易,かい答よう紙は　ぜんぶで　四まい　あります。,かい答よう紙,かいとうようし,かいどうようし,かいとようし,かいとようじ,,四　よん,
N4,文字,漢字読み,8章,易,昼休みは　正午から　１時間です。,正午,しょうご,しょうこ,せいご,せいこ,,昼　ひる,休　やす,時　じ,間　かん,
N4,文字,漢字読み,8章,易,問題が　終わったら　じ分で　丸を　つけましょう。,丸,まる,ばつ,める,がん,,問　もん,題　だい,終　お,分　ぶん,
N4,文字,漢字読み,8章,易,いろいろ　試みましたが　この方ほうに　きめました。,試みました,こころみました,ここみました,しいみました,ためしみました,,方　ほう,
N4,文字,漢字読み,8章,易,石川さんと　同じ　中学校を　そつぎょうしました。,同じ,おなじ,おんなじ,どうじ,とうじ,,石　いし,川　かわ,中　ちゅう,学　がっ,校　こう,
N4,文字,漢字読み,8章,易,正しい　日本語の　使い方を　おぼえたいです。,正しい,ただしい,だたしい,だだしい,たたしい,,日　に,本　ほん,語　ご,使　つか,方　かた,
N4,文字,漢字読み,8章,易,学校は　駅から　遠くて　不便です。,不便,ふべん,ぶべん,ふびん,ぶびん,,学　がっ,校　こう,駅　えき,遠　とお,
N4,文字,表記,8章,易,「はだかの　おうさま」という　話を　知っていますか。,おうさま,王様,玉様,王国,玉国,,話　はなし,知　し,
N4,文字,表記,8章,易,せいじかになって　世の中を　よくしたいです。,せいじか,政治家,政治科,世治家,世治科,,世　よ,中　なか,
N4,文字,表記,8章,易,日本の　けいざいについて　勉強しようと　思っています。,けいざい,経済,経史,計済,計史,,日　に,本　ほん,勉　べん,強　きょう,思　おも,
4,文字,表記,8章,易,かぜを　なおしてから　学校に　来てください。,なおして,治して,正して,丸して,合して,,学　がっ,校　こう,来　き,
N4,文字,表記,8章,易,私の　くにでは　雪が　降りません。,くに,国,玉,王,界,,私　わたし,雪　ゆき,降　ふ,
N4,文字,表記,8章,易,日本で　いろいろな　けいけんを　しました。,けいけん,経験,軽験,経研,軽研,,日　に,本　ほん,
N4,文字,表記,8章,易,せいふは　ぜい金を　上げることを　きめました。,せいふ,政府,政風,正府,正風,,金　きん,上　あ,
N4,文字,表記,8章,易,先に　宿題を　すまして　あそびに　出かけます。,すまして,済まして,治まして,政まして,経まして,,先　さき,宿　しゅく,題　だい,出　で,
N4,文字,表記,8章,易,日本の　れきしを　テレビで　勉強しました。,れきし,歴史,経史,風史,政史,,日　に,本　ほん,勉　べん,強　きょう,
N4,文字,表記,8章,易,Ａ女王は　20年間　国を　おさめました。,おさめました,治めました,集めました,史めました,歴めました,,女　じょ,王　おう,年　ねん,間　かん,国　くに,
N4,文字,漢字読み,8章,易,新しい　国王が　たん生しました。,国王,こくおう,こっくおう,くにおう,ぐにおう,,新　あたら,生　じょう,
N4,文字,漢字読み,8章,易,このしごとが　済んだら　教えてください。,済んだら,すんだら,ずんだら,ぜんだら,かんだら,,教　おし,
N4,文字,漢字読み,8章,易,長く　つづいた　せんそうが　治まりました。,治まりました,おさまりました,なおまりました,はじまりました,ちいまりました,,長　なが,
N4,文字,漢字読み,8章,易,私は　中国史について　勉強したいです。,中国史,ちゅうごくし,ちゅごくし,ちゅうこくし,ちゅこくし,,私　わたし,勉　べん,強　きょう,
N4,文字,漢字読み,8章,易,歴だいの　校長先生は　女せいです。,歴だい,れきだい,れいだい,しだい,じだい,,校　こう,長　ちょう,先　せん,生　せい,女　じょ,
N4,文字,漢字読み,8章,易,国家試験に　合かくして　医しゃになりました。,国家試験,こっかしけん,こくかしげん,くにかしけん,くにかしげん,,合　ごう,医　い,
N4,文字,漢字読み,8章,易,今日の　５時の　便で　帰国します。,帰国,きこく,ぎこく,きごく,ぎごく,,今日　きょう,時　じ,便　びん,
N4,文字,漢字読み,8章,易,病気の　治りょうに　３カ月　かかりました。,治りょう,ちりょう,じりょう,ぢりょう,しりょう,,病　びょう,気　き,カ　か,月　げつ,
N4,文字,漢字読み,8章,易,長い　年月を　経て　ロボットが　かんせいしました。,経て,へて,えて,でて,たて,,長　なが,年　ねん,月　げつ,
N4,文字,漢字読み,8章,易,りれき書に　学歴を　書きます。,学歴,がくれき,がっくれき,がくれぎ,がくっれき,,書　しょ,書　か,
N4,文字,表記,8章,難,毎日　かんじを　十こずつ　おぼえます。,かんじ,漢字,漢学,漢子,漢文,毎日　まいにち,十　じっ,
N4,文字,表記,8章,難,せいじかに　なって　世の中を　よくしたいです。 ,せいじか,政治家,正治家,政治科,正治科,
N4,文字,表記,8章,難,わからない　ところは　先生に　しつもんします。,しつもん,質問,質門,室問,室門,,先生　せんせい,
N4,文字,表記,8章,難,きょうしつで　たばこを　すってはいけません。,きょうしつ,教室,教屋,考室,考屋,
N4,文字,表記,8章,難,こたえは　きれいに　書いてください。,こたえ,答え,質え,考え,正え,,書　か,
N4,文字,表記,8章,難,この　テストで　じぶんの　じつ力を　ためしてください。,ためして,試して,験して,治して,経して,,力　りょく,
N4,文字,表記,8章,難,よく　かんがえて　大学を　きめてください。,かんがえて,考えて,教えて,政えて,答えて,,大学　だいがく,
N4,文字,表記,8章,難,日本の　けいざいについて　勉強しようと　思っています。,けいざい,経済,京済,計済,軽済,,日本　にほん,勉強　べんきょう,思　おも,
N4,文字,表記,8章,難,かぜを　なおしてから　学校に　来てください。,なおして,治して,済して,政して,正して,,学校　がっこう,来　き,
N4,文字,表記,8章,難,日本で　いろいろな　けいけんを　しました。,けいけん,経験,経見,軽研,軽験,,日本　にほん,
N4,文字,漢字読み,8章,難,室内は　すずしくて　気持ちがいいです。,室内,しつない,しつうち,しない,しうち,気持　きも,
N4,文字,漢字読み,8章,難,この　しごとが　済んだら　教えてください。,済んだら,すんだら,こんだら,とんだら,やんだら,,教　おし,
N4,文字,漢字読み,8章,難,1年間　おなじ先生に　日本語を　教わりました。,教わりました,おそわりました,おしわりました,おとわりました,おこわりました,年間　ねんかん,先生　せんせい,日本語　にほんご,
N4,文字,漢字読み,8章,難,この　問いは　どういう　い味ですか。,問い,とい,とうい,もい,もうい,味　み,
N4,文字,漢字読み,8章,難,今日の　宿題は　少し　むずかしいです。　,宿題,しゅくだい,しゅうくだい,しょくだい,しょうくだい,今日　きょう,少　すこ,
N4,文字,漢字読み,8章,難,昼休みは　正午から　1時間です。,正午,しょうご,しょうこ,せいご,せいこ,昼　ひる,休　やす,時間　じかん,
N4,文字,漢字読み,8章,難,石川さんと　同じ　中学校を　そつぎょうしました。,同じ,おなじ,おうなじ,どうじ,とうじ,石川　いしかわ,中学校　ちゅうがっこう,
N4,文字,漢字読み,8章,難,学校は　駅から　遠くて　不便です。,不便,ふべん,ふびん,ぶべん,ぶびん,学校　がっこう,駅　えき,遠　とお,
N4,文字,漢字読み,8章,難,国家試験に　合かくして　医しゃになりました。,国家試験,こっかしけん,こくかしけん,くにかしけん,くにかしげん,合　ごう,医　い,
N4,文字,漢字読み,8章,難,長い　年月を　経て　ロボットが　かんせいしました。,経て,へて,えて,みて,して,
N4,文字,表記,9章,易,天気が いい日は できるだけ うんどうしています。,うんどう,運動,運重,運道,運働,,天気　てんき,日　ひ,
N4,文字,表記,9章,易,学校で ひなんくんれんを しました。,ひなんくんれん,ひなんくん練,ひなんくん動,ひなんくん歴,ひなんくん習,,学校　がっこう,
N4,文字,表記,9章,易,あぶないですから ろう下を はしらないでください。,はしらないで,走らないで,歩らないで,運らないで,動らないで,,下 か,
N4,文字,表記,9章,易,音楽を 聞きながら 公園を あるくのが 好きです。,あるく,歩く,走く,運く,動く,,音楽　おんがく,聞　き,公園　こうえん,好　す,
N4,文字,表記,9章,易,あの 若い ピアニストは さいのうが あります。,さいのう,才のう,済のう,天のう,習のう,,若　わか,
N4,文字,表記,9章,易,きのう 子どもを どうぶつえんへ つれて行きました。,どうぶつえん,動物園,同物園,動物遠,同物遠,,子　こ,行　い,
N4,文字,表記,9章,易,毎日  学校で はつ音の れんしゅうを しています。,れんしゅう,練習,練教,運習,運教,,毎　まい,日　にち,学校　がっこう,音　おん,
N4,文字,表記,9章,易,父は 川の 近くで 育ったので およぎが とくいです。,およぎ,泳ぎ,走ぎ,運ぎ,歩ぎ,,父　ちち,川　かわ,近　ちか,育　そだ,
N4,文字,表記,9章,易,そ父は 毎朝 犬を つれて さんぽに 行きます。,さん歩,さん走,さん運,さん動,,父　ふ,毎朝　まいあさ,犬　いぬ,行　い,
N4,文字,表記,9章,易,あそこに 立っている人が 社長の うんてんしゅです。,うんてんしゅ,運てん手,動てん手,運てん主,動てん主,,立　た,人　ひと,社長　しゃちょう,
N4,文字,漢字読み,9章,易,やっと 日本の 習かんに なれました。,習かん,しゅうかん,しゅかん,しょうかん,しょかん,,日本　にほん,
N4,文字,漢字読み,9章,易,荷物を 運ぶのを 手伝ってください。,運ぶ,はこぶ,はごぶ,うんぶ,あそぶ,,荷物　にもつ,手伝　てつだ,
N4,文字,漢字読み,9章,易,この川で 泳いでは いけません。,泳いで,およいで,おうよいで,えいで,ええいで,,川　かわ,
N4,文字,漢字読み,9章,易,スーツケースが 重くて ぜんぜん 動きません。,動きません,うごきません,うこきません,あるきません,はたらきません,,重　おも,
N4,文字,漢字読み,9章,易,今年は 父の日に 万歩計を あげようと 思っています。,万歩計,まんぽけい,ばんぽけい,まんぼけい,ばんぼけい,,今年　ことし,父　ちち,日　ひ,思　おも,
N4,文字,漢字読み,9章,易,小学生のとき 水泳教室に かよっていました。,水泳教室,すいえいきょうしつ,すいえきょしつ,すいえいきょしつ,すいえきょうしつ,,小学生　しょうがくせい,
N4,文字,漢字読み,9章,易,どちらが 速いか 弟と 家まで きょう走しました。,きょう走,きょうそう,きょうぞう,きょうそお,きょうぞお,,速　はや,弟　おとうと,家　いえ,
N4,文字,漢字読み,9章,易,体を うごかすのは 気持ちが いいです。,動かす,うごかす,うこかす,どうかす,とうかす,,体　からだ,気持　きも,
 N4,文字,漢字読み,9章,易,歩道に 自転車を 止めてはいけません。,歩道,ほどう,ほどお,ぽどう,ぽどお,,自　じ,転　てん,車　しゃ,止　と,
N4,文字,漢字読み,9章,易,週に 一ど  日本料理を 習っています。,習って,ならって,まなって,つくって,かよって,,週　しゅう,一　いち,日本　にほん,料理　りょうり,
N4,文字,表記,9章,易,あそこで　馬が　くさを　食べています。,くさ,草,薬,花,原,,馬　うま,食　た,
N4,文字,表記,9章,易,冬は 近くの みずうみで アイススケートが できます。,みずうみ,湖,然,水海,水原,,冬 ふゆ,近 ちか,
N4,文字,表記,9章,易,しぜんの 中で キャンプを するのが 好きです。,しぜん,自然,目然,自原,目原,,中　なか,好　す,
N4,文字,表記,9章,易,こうげんの リゾートホテルに とまりました。,こうげん,高原,公原,工原,草原,
N4,文字,表記,9章,易,たにがわを ながれる 水で かおを あらいました。,たにがわ,谷川,谷田,谷辺,谷山,,水 みず,
N4,文字,表記,9章,易,東京駅の きんぺんに また 新しいビルが できました。,きんぺん,近辺,辺近,今近,今辺,,東京　とうきょう,駅　えき,新　あたら,
N4,文字,表記,9章,易,駅から じたくまでの 地図を 書きました。,じたく,自宅,自家,白宅,白家,,駅　えき,地図　ちず,書　か,
N4,文字,表記,9章,易,日本酒の 主な げんりょうは 米です。 ,げんりょう,原料,然料,原科,然科,,日本酒　にほんしゅ,主　おも,米　こめ,
N4,文字,表記,9章,易,朝早く 一人で うみべを さん歩しました 。,うみべ,海辺,湖辺,海近,湖近,,朝　あさ,早　はや,一人　ひとり,歩　ぽ,
N4,文字,表記,9章,易,てんねんすいで　作った　ビールが　人気です。,てんねんすい,天然水,自然水,天原水,自原水,,作　つく,人気　にんき,
N4,文字,漢字読み,9章,易,今年は 海外より 国内旅行のほうが 人気が あります。,海外,かいがい,がいかい,うみそと,うみぞと,,今年　ことし,国内　こくない,旅行　りょこう,人気　にんき,
N4,文字,漢字読み,9章,易,けい谷の すばらしい けしきを 写真に とりました。,けい谷,けいこく,けいごく,けいたに,けいだに,,写真　しゃしん,
N4,文字,漢字読み,9章,易,この辺りに ゆう便きょくが ありますか。,辺り,あたり,まわり,ちかり,べんり,,便　びん,
N4,文字,漢字読み,9章,易,日本カモシカは 国の 天然きねん物です。,天然,てんねん,てんえん,てんぜん,てんめん,,日本　にほん,国　くに,物　ぶつ,
N4,文字,漢字読み,9章,易,草原に きれいな花が さいていました。,草原,そうげん,そうけん,くさはら,くさばら,,花　はな,
N4,文字,漢字読み,9章,易,姉は 自分で 大学の じゅぎょう料を はらっています。,自分,じぶん,じふん,しぶん,しふん,,姉　あね,大学　だいがく,料　りょう,
N4,文字,漢字読み,9章,易,テストを　うけましたが、ぜん然　できませんでした。,ぜん然,ぜんぜん,ぜんねん,ぜんたい,ぜんぶ,
N4,文字,漢字読み,9章,易,湖上の 古い レストランで 食事を しました。,湖上,こじょう,こじょ,こうじょう,こうえ,,古　ふる,食事　しょくじ,
N4,文字,漢字読み,9章,易,けんこうの ために 毎日 海草を 食べています。,海草,かいそう,かいくさ,うみくさ,うみそう,,毎日　まいにち,食　た,
N4,文字,漢字読み,9章,易,つかれましたね。 この辺で 一休み しませんか。,辺,へん,あたり,ちかく,べ,,一　ひと,休　やす,
N4,文字,表記,9章,易,目ざまし時計が なっても 兄は ぜん然 おきません。,なっても,鳴っても,野っても,羽っても,馬っても,,目 め,時計 どけい,兄 あに,然 ぜん,
N4,文字,表記,9章,易,わたしの 家の 近くに けいばじょうが あります。,けいばじょう,けい馬場,けい馬所,けい羽所,けい羽場,,家　いえ,近　ちか,
N4,文字,表記,9章,易,うまに 乗って 海辺を さん歩したいです。,うま,馬,里,験,虫,,乗　の,海辺　うみべ,歩　ぽ,
N4,文字,表記,9章,易,でんちが 切れたので ラジオが 聞けません。,でんち,電池,電地,雪池,雪地,,切　き,聞　き,
N4,文字,表記,9章,易,ふるさとの 写真を 見たら 帰りたくなりました。,ふるさと,ふる里,ふる野,ふる辺,ふる谷,,写真　しゃしん,見　み,帰　かえ,
N4,文字,表記,9章,易,めずらしい こんちゅうを 集めるのが 好きです。,こんちゅう,こん虫,こん羽,こん馬,こん風,,集　あつ,好　す,
N4,文字,表記,9章,易,いけで あそぶのは あぶないので 止めましょう。,いけ,池,海,湖,泳,,止　や,
N4,文字,表記,9章,易,このゆびわは 部長の おくさまに いただきました。,おくさま,奥様,奥妻,王様,王妻,,部長　ぶちょう,
N4,文字,表記,9章,易,でんちが　切れたので　ラジオが　聞けません。,でんち,電池,電地,雪池,雪地,,切　き,聞　き,
N4,文字,表記,9章,易,やきゅうと サッカーと どちらが 人気が ありますか。,やきゅう,野きゅう,里きゅう,原きゅう,草きゅう,,人気　にんき,
N4,文字,漢字読み,9章,易,家の 外で 女の人の ひ鳴が 聞こえました。,ひ鳴,ひめい,ひまい,ひなき,ひなく,,家　いえ,外　そと,女　おんな,人　ひと,
N4,文字,漢字読み,9章,易,野さいを 食べなさいと  母は いつも 言います。,野さい,やさい,のさい,よさい,たさい,,食　た,母　はは,言　い,
N4,文字,漢字読み,9章,易,公園の 小さな 池に コイが たくさん 泳いでいます。,池,いけ,いげ,ち,ぢ,,公園　こうえん,小　ちい,泳　およ,
N4,文字,漢字読み,9章,易,は医しゃへ 行ったら 虫ばが 二本も 見つかりました。 ,虫ば,むしば,うしば,ちゅうば,ぎゅうば,,医　い,行　い,二本　にほん,見　み,
N4,文字,漢字読み,9章,易,カラスが　羽を　ばさばさと　させて　とび立ちました。,羽,はね,ばね,う,ぶ,,立　た,
N4,文字,漢字読み,9章,易,山奥で 生かつするのは  不便です。,山奥,やまおく,やまおぐ,さんおく,ざんおぐ,,生　せい,不便　ふべん,
N4,文字,漢字読み,9章,易,野原に 白くて きれいな 花が さいていました。,野原,のはら,のばら,やはら,やばら,,白　しろ,花　はな,
N4,文字,漢字読み,9章,易,友だちに 乗馬教室に さそわれました。,乗馬教室,じょうばきょうしつ,じょばきょうしつ,じょううまきょうしつ,じょうまきょうしつ,,友　とも,
N4,文字,漢字読み,9章,易,うらの さくらの 木に 毛虫が ついて いました。,毛虫,けむし,げむし,もうちゅう,もうぢゅう,,木　き,
N4,文字,漢字読み,9章,易,町の 一番 奥に 古い 教会が あります。,奥,おく,おっく,さき,さっき,,町　まち,一　いち,番　ばん,古　ふる,教会　きょうかい,
N4,文字,表記,9章,難,天気が いい日は できるだけ うんどうしています。,うんどう,運動,運働,運同,運当,
N4,文字,表記,9章,難,姉の　子どもは　なきむしで　何か　あると　すぐ　なきます。 ,なきむし,なき虫,なき羽,なき馬,なき牛,
N4,文字,表記,9章,難,あぶないですから ろう下を はしらないでください。,はしらないで,走らないで,歩かないで,動かないで,才らないで,,下　か,
N4,文字,表記,9章,難,毎日 学校で 発音の れんしゅうを しています。,れんしゅう,練習,練集,練終,練週,,発音　はつおん,
N4,文字,表記,9章,難,しぜんの 中で キャンプを するのが 好きです。,しぜん,自然,自前,目然,目前,
N4,文字,表記,9章,難,たにがわを ながれる 水で かおを あらいました。,たにがわ,谷川,里川,池川,原川,
N4,文字,表記,9章,難,駅から じたくまでの 地図を 書きました。,じたく,自宅,自家,白宅,白家,,駅　えき,地図　ちず,
N4,文字,表記,9章,難,日本酒の 主な げんりょうは 米です。,げんりょう,原料,草料,野料,里料,,主　おも,
N4,文字,表記,9章,難,目ざまし時計が なっても 兄は ぜんぜん　おきません。,なっても,鳴っても,羽っても,音っても,然っても,
N4,文字,表記,9章,難,でんちが 切れたので ラジオが 聞けません。,でんち,電池,電地,天池,天地,
N4,文字,漢字読み,9章,難,この川で 泳いでは いけません。,泳いで,およいで,あおいで,えいいで,さわいで,
N4,文字,漢字読み,9章,難,町の 一番 奥に 古い 教会が あります。,奥,おく,うち,さき,あと,,教会　きょうかい,
N4,文字,漢字読み,9章,難,週に 一ど  日本料理を 習っています。,習って,ならって,まなって,ひろって,うたって,,週　しゅう,日本　にほん,料理　りょうり,
N4,文字,漢字読み,9章,難,荷物を 運ぶのを 手伝ってください。,運ぶ,はこぶ,ならぶ,まなぶ,うんぶ,,荷物　にもつ,手伝　てつだ,
N4,文字,漢字読み,9章,難,今年は 海外より 国内旅行のほうが 人気が あります。　,海外,かいがい,うみそと,かいそと,うみがい,,国内　こくない,旅行　りょこう,
N4,文字,漢字読み,9章,難,この辺りに ゆう便きょくが ありますか。,辺り,あたり,あだり,へんり,べんり,,便　びん,
N4,文字,漢字読み,9章,難,日本カモシカは 国の 天然きねん物です。,天然,てんねん,てんぜん,ていねん,ていぜん,,国　くに,物　ぶつ,
N4,文字,漢字読み,9章,難,姉は 自分で 大学の じゅぎょう料を はらっています。,自分,じぶん,しぶん,じふん,しふん,,姉　あね,料　りょう,
N4,文字,漢字読み,9章,難,カラスが　羽を　ばさばさと　させて　とび立ちました。,羽,はね,ばね,は,ば,
N4,文字,漢字読み,9章,難,友だちに 乗馬教室に さそわれました。,乗馬教室,じょうばきょうしつ,じょばきょうしつ,じょうじょうきょうしつ,じょじょうきょうしつ,
N5,文字,表記,10章,難,いっしょに　かいものに　行きませんか。,かいもの,かい物,かい好,かい門,かい肉,,行　い,
N5,文字,表記,10章,難,その　ちゃいろの　かばんは　山田さんのです。,ちゃいろ,茶いろ,米いろ,金いろ,牛いろ,,山田　やまだ,
N5,文字,表記,10章,難,まいあさ　わたしは　ぎゅうにゅうを　のみます。,ぎゅうにゅう,牛にゅう,休にゅう,魚にゅう,肉にゅう,
N5,文字,表記,10章,難,きれいな　かいがらの　ネックレスを　もらいました。,かいがら,貝がら,目がら,見がら,日がら,
N5,文字,表記,10章,難,日本の　こめは　おいしいですが、すこし　たかいです。,こめ,米,水,木,十,
N5,文字,表記,10章,難,わたしの　だいこうぶつは　ケーキです。,だいこうぶつ,大好物,大高物,体好物,体高物,
N5,文字,表記,10章,難,あたたかい　にほんちゃを　よく　のみます。,にほんちゃ,日本茶,目本茶,日木茶,目木茶,
N5,文字,表記,10章,難,ぎゅうにくの　ステーキが　たべたいです。,ぎゅうにく,牛肉,魚肉,牛内,魚内,
N5,文字,表記,10章,難,きんぎょを　３びき　かっています。,きんぎょ,金魚,水魚,金貝,水貝,
N5,文字,表記,10章,難,わたしは　サッカーが　すきです。,すき,好き,女き,子き,物き,
N5,文字,漢字読み,10章,難,わたしの　そ父は　魚いちばで　はたらいています。,魚いちば,うおいちば,さかないちば,ぎょいちば,りょういちば,,父　ふ,,
N5,文字,漢字読み,10章,難,あか貝の　さしみを　はじめて　たべました。,あか貝,あかがい,あかかい,あかめ,あかもく,
N5,文字,漢字読み,10章,難,げん米は　体に　いいです。,げん米,げんまい,げんめい,げんべい,げんこめ,,体　からだ,
N5,文字,漢字読み,10章,難,ここに　に物を　おかないでください。,に物,にもつ,にもの,にぶつ,にぶん,,
N5,文字,漢字読み,10章,難,うちの　ちかくに　魚やが　ありますか。,魚や,さかなや,さなかや,ざかなや,ざなかや,
N5,文字,漢字読み,10章,難,わたしは　やき肉やで　アルバイトを　しています。,やき肉や,やきにくや,やきにぐや,やきにっくや,やきにくうや,
N5,文字,漢字読み,10章,難,日本は　物かが　たかいです。,物か,ぶっか,ぶつか,ものか,もんか,,日本　にほん,
N5,文字,漢字読み,10章,難,ぼくじょうに　牛や　うまが　たくさん　います。,牛,うし,ぎゅう,とり,ちょう,
N5,文字,漢字読み,10章,難,きょうの　あさ　やき魚を　たべました。,やき魚,やきざかな,やきざなか,やきさかな,やきさなか,
N5,文字,漢字読み,10章,難,日ようびに　りょうしんと　どう物えんへ　行きました。,どう物えん,どうぶつえん,どうぶっえん,どうぶうつえん,どうぶつうえん,,日　にち,行　い,
N5,文字,表記,11章,難,まいあさ　ちかくの　もりを　さんぽしています。,もり,森,林,木,休,
N5,文字,表記,11章,難,外から　ギターの　ねいろが　聞こえます。,ねいろ,音いろ,日いろ,明いろ,暗いろ,,外　そと,聞　き,
N5,文字,表記,11章,難,くらい　みちでは　きを　つけてください。,くらい,暗い,音い,明い,月い,
N5,文字,表記,11章,難,うちの　まわりは　たはたが　おおいです。,たはた,田畑,畑田,大畑,畑大,
N5,文字,表記,11章,難,リンさんは　日本語の　はつおんが　きれいです。,はつおん,はつ音,はつ立,はつ日,はつ明,,日本語　にほんご,
N5,文字,表記,11章,難,あけがたに　鳥の　こえを　聞きました。,あけがた,明けがた,月けがた,日けがた,暗けがた,,鳥　とり,聞　き,
N5,文字,表記,11章,難,きゅうな　いわやまを　のぼります。,いわやま,岩山,石山,畑山,男山,
N5,文字,表記,11章,難,ゆうめいな　しを　あんきしました。,あんき,暗き,明き,音き,月き,
N5,文字,表記,11章,難,あしたは　雨が　ふります。,あした,明日,月日,音日,暗日,,雨　あめ,
N5,文字,表記,11章,難,日本は　しんりんが　おおい　くにです。,しんりん,森林,林森,森木,林木,,日本　にほん,
N5,文字,漢字読み,11章,難,林の　中で　くりを　ひろいました。,林,はやし,ばやし,はやじ,ばやじ,,中　なか,
N5,文字,漢字読み,11章,難,むらに　すぎ林が　あります。,すぎ林,すぎばやし,すぎはやし,すぎりん,すぎしん,
N5,文字,漢字読み,11章,難,畑で　いちごを　つくっています。,畑,はたけ,ばたけ,はた,ばた,
N5,文字,漢字読み,11章,難,あお森けんに　りょ行に　行きます。,あお森けん,あおもりけん,あおしんけん,あおばやしけん,あおりんけん,,行　こう,行　い,
N5,文字,漢字読み,11章,難,もうすぐ　よが　明けます。,明けます,あけます,あっけます,あけけます,あかけます,
N5,文字,漢字読み,11章,難,よう岩を　見たことが　ありますか。,よう岩,ようがん,ようかん,ようせき,ようぜき,,見　み,
N5,文字,漢字読み,11章,難,暗ざんで　けいさんを　します。,暗ざん,あんざん,おんざん,くらざん,けいざん,
N5,文字,漢字読み,11章,難,このあたりは　トマト畑が　おおいです。,トマト畑,トマトばたけ,トマトはたけ,トマトばたっけ,トマトはたっけ,
N5,文字,漢字読み,11章,難,ムさんは　音がくが　好きです。,音がく,おんがく,ねがく,おとがく,ぬがく,,好　す,
N5,文字,漢字読み,11章,難,あの　岩の　上まで　のぼりましょう。,岩,いわ,がん,いし,せき,,上　うえ,
N5,文字,表記,12章,難,この大学は　しょくどうが　三つ　あります。,しょくどう,食どう,飲どう,書どう,買どう,,大学　だいがく,三　みっ,
N5,文字,表記,12章,難,まいあさ　コーヒーを　のみます。,飲みます,食みます,好みます,物みます,,,
N5,文字,表記,12章,難,すみませんが　もう　一ど　いってください。,いって,言って,話って,来って,見って,,一　いち,
N5,文字,表記,12章,難,まいばん　本を　よみます。,よみます,読みます,書みます,見みます,音みます,,本　ほん,
N5,文字,表記,12章,難,ゆう名な　先生の　はなしを　聞きました。,はなし,話,読,言,書,,名　めい,先生　せんせい,聞　き,
N5,文字,表記,12章,難,このちかくに　いんしょくてんが　たくさん　あります。,いんしょくてん,飲食てん,食飲てん,肉食てん,飲物てん,,
N5,文字,表記,12章,難,あたらしい　じしょが　ほしいです。,じしょ,じ書,じ読,じ話,じ言,,,
N5,文字,表記,12章,難,このことばの　いみを　おしえてください。,ことば,言ば,話ば,書ば,読ば,
N5,文字,表記,12章,難,こんどの　しゅうまつ　かいものに　行きたいです。,かいもの,買い物,買い門,貝い物,貝い門,,行　い,
N5,文字,表記,12章,難,かいわの　れんしゅうを　もっと　しましょう。,かいわ,かい話,かい言,かい聞,かい音,
N5,文字,漢字読み,12章,難,かの女と　まい日　１じかん　話します。,話します,はなします,ばなします,はなしします,ばなしします,,女　じょ,日　にち,
N5,文字,漢字読み,12章,難,まいあさ　パンを　食べます。,食べます,たべます,だべます,しゃくべます,しょくべます,,,
N5,文字,漢字読み,12章,難,ここに　名まえと　でんわばんごうを　書いてください。,書いて,かいて,きいて,しょいて,しょういて,,名　な,
N5,文字,漢字読み,12章,難,こんばん　ともだちと　いっしょに　食じを　します。,食じ,しょくじ,しきじ,しゃくじ,しくじ,
N5,文字,漢字読み,12章,難,サリーさんに　でん言を　おねがいしました。,でん言,でんごん,でんこん,でんこと,でんげん,
N5,文字,漢字読み,12章,難,わたしの　しゅみは　読書です。,読書,どくしょ,どうくしょ,どくしょう,どっくしょ,,,
N5,文字,漢字読み,12章,難,日本は　いろいろな　ほう言が　あります。,ほう言,ほうげん,ほうごん,ほうけん,ほうこん,,日本　にほん,
N5,文字,漢字読み,12章,難,じゅぎょうで　音読の　れんしゅうを　します。,音読,おんどく,おとよみ,おとどく,おんよみ,,,,
N5,文字,漢字読み,12章,難,なにか　飲み物は　いかがですか。,飲み物,のみもの,よみもの,のみぶつ,よみぶつ,,,
N5,文字,漢字読み,12章,難,母に　でん話を　かけましたが　出ませんでした。,でん話,でんわ,でんご,でんば,でんは,,母　はは,出　で,
N5,文字,表記,13章,難,わたしの　くには、　中ごくの　きたに　あります。,きた,北,南,東,西,,中　ちゅう,
N5,文字,表記,13章,難,ここに　くるまを　とめないで　ください。,くるま,車,東,町,電,
N5,文字,表記,13章,難,わたしは　いつも　８じに　でんしゃに　のります。,でんしゃ,電車,電東,雨車,雨東,,
N5,文字,表記,13章,難,わたしの　まちは　とても　大きいです。,まち,町,田,畑,寺,,大　おお,
N5,文字,表記,13章,難,みなみアメリカは　日本から　とても　とおいです。,みなみアメリカ,南アメリカ,北アメリカ,東アメリカ,西アメリカ,,日本　にほん,
N5,文字,表記,13章,難,明日は　えきの　ひがしぐちで　あいましょう。,ひがしぐち,東口,車口,田口,出口,,明日　あした,
N5,文字,表記,13章,難,とうほくちほうは　ゆきが　とても　おおいです。,とうほく,東北,車北,北東,北車,,
N5,文字,表記,13章,難,日本で　いちばん　ふるい　おてらを　見ました。,てら,寺,町,西,車,,日本　にほん,見　み,
N5,文字,表記,13章,難,わたしの　学校は　とうなんアジアの　学生が　おおいです。,とうなんアジア,東南アジア,車南アジア,東内アジア,車内アジア,,学校　がっこう,学生　がくせい,
N5,文字,表記,13章,難,先月　にしにほんに　たいふうが　たくさん　来ました。,にしにほん,西日本,西日木,東日本,東日木,,先月　せんげつ,来　き,
N5,文字,漢字読み,13章,難,ふゆ休み　北かいどうへ　行きたいです。,北かいどう,ほっかいどう,ほくかいどう,ほくっかいどう,ほっくかいどう,,休　やす,行　い,
N5,文字,漢字読み,13章,難,いえの　南に　大きい　こうえんが　あります。,南,みなみ,みみな,なみみ,ななみ,,大　おお,
N5,文字,漢字読み,13章,難,東きょうは　人が　おおくて　にぎやかです。,東きょう,とうきょう,ときょう,とおきょう,とっきょう,,人　ひと,
N5,文字,漢字読み,13章,難,明日　町内の　おまつりが　あります。,町内,ちょうない,ちゃうない,まちない,まちうち,,明日　あした,
N5,文字,漢字読み,13章,難,あさくさは　とても　ゆうめいな　下町です。,下町,したまち,しだまち,したちょう,しだちょう,,,
N5,文字,漢字読み,13章,難,きょうは　北西の　かぜが　ふいて　とても　さむいです。,北西,ほくせい,ほくにし,きたにし,きたせい,,,
N5,文字,漢字読み,13章,難,休みは　いつも　じてん車で　こうえんへ　行きます。,じてん車,じてんしゃ,じてんじゃ,じてんしや,じてんじや,,休　やす,行　い,
N5,文字,漢字読み,13章,難,南ごくの　くだものは　とても　おいしいです。,南ごく,なんごく,とうごく,さいごく,ほくごく,,
N5,文字,漢字読み,13章,難,ほうりゅう寺は　とても　ゆう名です。,ほうりゅう寺,ほうりゅうじ,ほうりゅうぢ,ほうりゅうてら,ほうりゅうでら,,名　めい,,
N5,文字,漢字読み,13章,難,学校を　休みますから　先生に　電話します。,電話,でんわ,でんば,でんは,てんわ,,学校　がっこう,休　やす,先生　せんせい,
N5,文字,表記,14章,難,学校は　なんじに　おわりますか。,なんじ,何時,何間,半時,半間,,学校　がっこう,
N5,文字,表記,14章,難,こんばん、いっしょに　えいがを　見ませんか。,こんばん,今ばん,日ばん,分ばん,夕ばん,,見　み,
N5,文字,表記,14章,難,山田さんは　いま　林さんと　はなしています。,いま,今,半,夕,入,,山田　やまだ,林　はやし,
N5,文字,表記,14章,難,もえるゴミと　もえないゴミを　わけます。,わけます,分けます,半けます,方けます,間けます,,
N5,文字,表記,14章,難,うちから　スーパーまで　３ぷんです。,３ぷん,３分,３半,３間,３米,,,
N5,文字,表記,14章,難,とうほくちほうの　ふゆは　とても　さむいです。,とうほくちほう,東北ち方,北東ち方,東北ち夕,北東ち夕,,,
N5,文字,表記,14章,難,きのうの　ひるまは　とても　あたたかかったです。,ひるま,ひる間,ひる時,ひる門,ひる何,,
N5,文字,表記,14章,難,いそがしいですから、本を　よむじかんが　ありません。,じかん,時間,寺間,字間,体間,,本　ほん,
N5,文字,表記,14章,難,ゆうがたまでに　本を　かえしてください。,ゆうがた,夕方,夕半,力方,力半,,本　ほん,
N5,文字,表記,14章,難,ともだちに　チョコレートを　はんぶん　あげました。,はんぶん,半分,今分,中分,何分,,
N5,文字,漢字読み,14章,難,今月　ともだちの　けっこんしきが　あります。,今月,こんげつ,こんがつ,こうつき,こうづき,,
N5,文字,漢字読み,14章,難,あついですね。何か　飲みませんか。,何,なに,いつ,なぜ,どれ,,飲　の,
N5,文字,漢字読み,14章,難,まいあさ　５時半に　おきます。,５時半,５じはん,５じかん,５じぱん,５じばん,,,
N5,文字,漢字読み,14章,難,一人で　大きい　ケーキを　四分の一　食べました。,四分の一,よんぶんのいち,よぶんのいち,しぶんのいち,しんぶんのいち,,大　おお,食　た,
N5,文字,漢字読み,14章,難,日本語の　べんきょうの　いい　方ほうが　ありますか。,方ほう,ほうほう,ぼうほう,ほほう,はうほう,,日本語　にほんご,
N5,文字,漢字読み,14章,難,１２時５分の　でんしゃに　のりました。,５分,５ふん,５ぷん,５ぶん,５ぶ,,時　じ,
N5,文字,漢字読み,14章,難,１しゅう間まえに　日本へ　来ました。,１しゅう間,１しゅうかん,１しゅうけん,１しゅうもん,１しゅうま,,日本　にほん,来　き,
N5,文字,漢字読み,14章,難,いちばん　すきな　くだものは　何ですか。,何,なん,なに,どれ,どこ,
N5,文字,漢字読み,14章,難,今日は　いもうとの　たん生日です。,今日,きょう,きゃう,きょうう,きゃうう,,生日　じょうび,
N5,文字,漢字読み,14章,難,「時は　金なり」という　ことわざが　あります。,時,とき,とぎ,どき,どぎ,,金　かね,
N5,文字,表記,15章,難,ひさしぶりですね。おげんきですか。,げんき,元気,電気,立気,人気,,
N5,文字,表記,15章,難,あの　せが　高くて　かみが　ながい人は　だれですか。,ながい,長い,明い,安い,元い,,高　たか,人　ひと,
N5,文字,表記,15章,難,このスーパーは　ねだんが　とても　やすいです。,やすい,安い,小い,少い,今い,,
N5,文字,表記,15章,難,ちゅうこしゃを　買いました。,ちゅうこちゃ,中古車,中小車,中子車,中来車,,買　か,
N5,文字,表記,15章,難,今日は　しんにゅうしゃいんと　パーティーを　します。,しんにゅうしゃいん,新入しゃいん,新人しゃいん,新友しゃいん,新夕しゃいん,,今日　きょう,
N5,文字,表記,15章,難,このみせは　人が　すくないですね。,すくない,少ない,小ない,好ない,安ない,,人　ひと,
N5,文字,表記,15章,難,あたらしい　パソコンが　ほしいです。,あたらしい,新しい,新らしい,元しい,元らしい,,,,
N5,文字,表記,15章,難,きょうの　テストは　かんたんです。あんしんしてください。,あんしん,安しん,元しん,明しん,暗しん,,,,
N5,文字,表記,15章,難,フランスごを　すこし　話すことが　できます。,すこし,少し,少こし,小し,小こし,,話　はな,
N5,文字,表記,15章,難,テストが　よかったですから　きぶんが　とても　いいです。,きぶん,気分,気今,気半,気夕,,,
N5,文字,漢字読み,15章,難,まい日　しゅくだいが　多いですから　たいへんです。,多い,おおい,おうい,あおい,あうい,,日　にち,
N5,文字,漢字読み,15章,難,田中さんは　元　高校の　先生です。,元,もと,もっと,げん,まえ,,田中　たなか,高校　こうこう,先生　せんせい,
N5,文字,漢字読み,15章,難,へやが　暗いですね。電気を　つけましょうか。,電気,でんき,てんき,でんぎ,てんぎ,,暗　くら,
N5,文字,漢字読み,15章,難,まいあさ　新聞を　読んでから　学校へ　行きます。,新聞,しんぶん,しんふん,しんぷ,しんぶ,,読　よ,学校　がっこう,行　い,
N5,文字,漢字読み,15章,難,このみちは　車が　あまり　とおりませんから　安ぜんです。,安ぜん,あんぜん,あうぜん,やすぜん,やずぜん,,車　くるま,
N5,文字,漢字読み,15章,難,すみません。校長先生は　どちらですか。,校長,こうちょう,こちょう,こっちょう,こうちょ,,先生　せんせい,
N5,文字,漢字読み,15章,難,古本の　みせが　たくさん　あります。,古本,ふるほん,ふるぼん,こほん,こぼん,
N5,文字,漢字読み,15章,難,あの少年は　マイクさんの　おとうとさんです。,少年,しょうねん,しょんねん,しゃうねん,しゃんねん,
N5,文字,漢字読み,15章,難,多少の　ミスは　しんぱいしないでください。,多少,たしょう,たいしょう,たしょ,たあしょう,,
N5,文字,漢字読み,15章,難,日本の　人は　１月１日の　元日は　何を　しますか。,元日,がんじつ,がんにち,げんじつ,げんにち,,日本　にほん,人　ひと,1月1日　いちがつついたち,何　なに,
N5,文字,表記,1章,難,たまごを　むっつ　かいました。,むっ,六,八,七,五,
N5,文字,表記,1章,難,きのう　さんじっぷん　テレビを　みました。,さんじっ,三十,二十,一十,四十,,
N5,文字,表記,1章,難,ほんやは　このビルの　ななかいに　あります。,なな,七,五,八,九,,
N5,文字,表記,1章,難,きのう　くじに　おきました。,く,九,八,十,六,
N5,文字,表記,1章,難,ペンを　よんほん　かいました。,よん,四,五,八,七,
N5,文字,表記,1章,難,がくせいが　さんびゃくにん　います。,さんびゃく,三百,三千,三万,三十,
N5,文字,表記,1章,難,にほんの　にがつは　とても　さむいです。,に,二,四,一,三,
N5,文字,表記,1章,難,さいふに　いちまんえんさつが　ありません。,いちまんえん,一万円,一千円,一百円,一十円,,
N5,文字,表記,1章,難,りんごを　いつつ　もらいました。,いつ,五,一,三,六,,
N5,文字,表記,1章,難,コンサートに　はっせんにん　きました。,はっせん,八千,八百,八十,八万,
N5,文字,漢字読み,1章,難,シュークリームが　八つ　あります。,八つ,やっつ,やつ,よっつ,よつ,,
N5,文字,漢字読み,1章,難,きょうは　十がつ十かです。,十がつ十か,じゅうがつとおか,じょうがつとおか,じゅうがつとうか,じょうがつとうか,
N5,文字,漢字読み,1章,難,このくつは　三千円でした。,三千円,さんぜんえん,せんぜんえん,さんぜいえん,せんぜいえん,,
N5,文字,漢字読み,1章,難,きのう　四じかん　べんきょうしました。,四じかん,よじかん,よんじかん,しじかん,よつじかん,,
N5,文字,漢字読み,1章,難,ビールを　一ぽん　のみました。,一ぽん,いっぽん,いちぽん,いぽん,いいぽん,
N5,文字,漢字読み,1章,難,このラーメンは　六百円です。,六百円,ろっぴゃくえん,ろくひゃくえん,むひゃくえん,むびゃくえん,,
N5,文字,漢字読み,1章,難,ケーキを　九つ　かいました。,九つ,ここのつ,きゅうつ,くっつ,ななつ,
N5,文字,漢字読み,1章,難,みかんを　二つ　たべました。,二つ,ふたつ,ふたっつ,ふったつ,ふだつ,,
N5,文字,漢字読み,1章,難,七がつに　たなばたが　あります。,七がつ,しちがつ,いちがつ,なながつ,はちがつ,,
N5,文字,漢字読み,1章,難,レモンを　三つ　かいました。,三つ,みっつ,みつ,さんつ,さっつ,,
N5,文字,表記,2章,難,たんじょうびに　かばんを　もらいました。,び,日,火,月,年,
N5,文字,表記,2章,難,きょねんの　はるに　にほんへ　いきました。,ねん,年,月,日,円,
N5,文字,表記,2章,難,コンビニで　みずを　かいました。,みず,水,土,木,三,
N5,文字,表記,2章,難,かようびに　かんじの　テストが　あります。,かようび,火よう日,土よう日,火よう月,土よう月,
N5,文字,表記,2章,難,うちの　ちかくに　うめの　きが　あります。,き,木,千,火,日,
N5,文字,表記,2章,難,すいません、　こまかい　おかねが　ありません。,かね,金,円,年,万,
N5,文字,表記,2章,難,らいげつの　むいかから　りょこうを　します。,むいか,六日,二日,八日,五日,
N5,文字,表記,2章,難,どようびから　ほっかいどうへ　いきます。,どようび,土よう日,水よう日,土よう月,水よう月,
N5,文字,表記,2章,難,つきが　とても　きれいですよ。,つき,月,日,水,土,
N5,文字,表記,2章,難,ちちの　ひに　ネクタイを　もらいました。,ひ,日,火,月,百,
N5,文字,漢字読み,2章,難,１か月　にほんごを　べんきょうしました。,１か月,いっかげつ,いっかつき,いっかがつ,いっかにち,
N5,文字,漢字読み,2章,難,木よう日に　びじゅつかんへ　いきました。,木よう日,もくようび,もくようひ,もくようにち,もくようじつ,
N5,文字,漢字読み,2章,難,けさ　土から　めが　でました。,土,つち,づち,すち,ずち,
N5,文字,漢字読み,2章,難,たばこの　火を　ちゃんと　けしてください。,火,ひ,び,か,が,
N5,文字,漢字読み,2章,難,わたしの　おとうとは　水えいが　すきです。,水えい,すいえい,みずえい,ずいえい,みすえい,,
N5,文字,漢字読み,2章,難,あの　たてものの　うらに　たい木が　あります。,たい木,たいぼく,たいもく,たいき,たいひ,
N5,文字,漢字読み,2章,難,まい年　かぞくと　りょこうを　します。,まい年,まいとし,まいどし,まいぬん,まいつき,
N5,文字,漢字読み,2章,難,げん金が　ありませんから　カードで　はらいます。,げん金,げんきん,げんぎん,げんかね,げんがね,
N5,文字,漢字読み,2章,難,三月に　きょうとへ　いきます。,三月,さんがつ,さんげつ,みつき,みづき,
N5,文字,漢字読み,2章,難,きゅう日は　かれと　デートを　します。,きゅう日,きゅうじつ,きゅうにち,きゅうひ,きゅうか,
N5,文字,表記,3章,難,くちを　あけて　ください。,くち,口,目,四,日,
N5,文字,表記,3章,難,きょうしつに　がくせいが　10にん　います。,10にん,10人,10口,10年,10足,
N5,文字,表記,3章,難,わたしの　あねは　めが　おおきいです。,め,目,日,月,足,
N5,文字,表記,3章,難,マークさんは　アメリカじんです。,アメリカじん,アメリカ人,アメリカ手,アメリカ力,アメリカ八,
N5,文字,表記,3章,難,おふろで　みみに　水が　はいりました。,みみ,耳,口,目,日,
N5,文字,表記,3章,難,ゆうびんきょくで　きってを　かって　ください。,きって,きっ手,きっ千,きっ口,きっ足,
N5,文字,表記,3章,難,レイさんは　あしが　とても　ながいです。,あし,足,手,口,木,
N5,文字,表記,3章,難,リーさんの　りゅうがくの　もくてきは　なんですか。,もくてき,目てき,水てき,木てき,日てき,
N5,文字,表記,3章,難,そこに　くつが　いっそく　あります。,いっそく,一足,一手,二足,二手,
N5,文字,表記,3章,難,おととい　がくりょくテストを　しました。,がくりょく,がく力,がく目,がく六,がく口,
N5,文字,漢字読み,3章,難,きのう、　とけいやで　目ざましどけいを　かいました。,目ざましどけい,めざましどけい,ひざましどけい,もくざましどけい,ぼくざましどけい,
N5,文字,漢字読み,3章,難,しんじゅくは　しぶやから　いくつ目の　えきですか。,いくつ目,いくつめ,いくつもく,いくつひ,いくつにち,
N5,文字,漢字読み,3章,難,にほんの　人口は　どのくらいですか。,人口,じんこう,にんこう,ひとくち,びとぐち,,
N5,文字,漢字読み,3章,難,らいしゅうの　土よう日　耳びかへ　いきます。,耳びか,じびか,みびか,じいびか,みみびか,,土よう日　どようび,
N5,文字,漢字読み,3章,難,ともだちと　あく手を　しました。,あく手,あくしゅ,あくしゅう,あくて,あくで,
N5,文字,漢字読み,3章,難,コーヒーに　すこし　ミルクを　足します。,足します,たします,だします,あします,そくします,
N5,文字,漢字読み,3章,難,わたしの　あには　とても　力が　あります。,力,ちから,ぢから,りき,りぎ,
N5,文字,漢字読み,3章,難,おおさかは　人が　おおいです。,人,ひと,びと,にん,じん,
N5,文字,漢字読み,3章,難,えきの　かいさつ口で　まちます。,かいさつ口,かいさつぐち,かいさつくち,かいさつこう,かいさつごう,
N5,文字,漢字読み,3章,難,火力を　もっと　つよくしてください。,火力,かりょく,かりき,ひりょく,ひりき,
N5,文字,表記,4章,難,やすみに　ともだちと　ふじさんに　のぼりました。,ふじさん,ふじ山,ふじ石,ふじ田,ふじ竹,
N5,文字,表記,4章,難,にわの　はなに　みずを　やります。,はな,花,土,竹,木,
N5,文字,表記,4章,難,あぶないですから　いしを　なげてはいけません。,いし,石,山,土,力,
N5,文字,表記,4章,難,おおあめが　ふります。　ちゅういしてください。,おおあめ,おお雨,おお石,おお水,おお川,
N5,文字,表記,4章,難,いしださんは　せが　たかくて　ハンサムです。,いしだ,石田,山田,土田,木田,
N5,文字,表記,4章,難,うちの　ちかくに　ちくりんが　あります。,ちくりん,竹りん,川りん,田りん,雨りん,
N5,文字,表記,4章,難,たんぼに　かえるや　かもが　います。,たんぼ,田んぼ,日んぼ,月んぼ,口んぼ,,
N5,文字,表記,4章,難,かざんの　ちかくに　おんせんが　あります。,かざん,火山,花山,口山,力山,
N5,文字,表記,4章,難,かわに　さかなを　つりに　いきました。,かわ,川,山,水,田,
N5,文字,表記,4章,難,にほんは　やまが　たくさん　あります。,やま,山,川,石,田,
N5,文字,漢字読み,4章,難,アマゾン川は　ブラジルに　あります。,アマゾン川,アマゾンがわ,アマゾンかわ,アマゾンかね,アマゾンがね,
N5,文字,漢字読み,4章,難,雨が　ふっています。　かさを　かしましょうか。,雨,あめ,あま,う,ゆ,,
N5,文字,漢字読み,4章,難,スーパーで　竹のこを　かいました。,竹のこ,たけのこ,だけのこ,ちくのこ,ぢくのこ,,
N5,文字,漢字読み,4章,難,まいにち　山の手せんで　かいしゃへ　いきます。,山の手せん,やまのてせん,やまのしゅせん,さんのてせん,さんのしゅせん,,
N5,文字,漢字読み,4章,難,いにけ　こ石を　なげて　あそびました。,こ石,こいし,こいじ,こせき,こぜき,
N5,文字,漢字読み,4章,難,なつやすみに　花火を　みに　いきます。,花火,はなび,ばなび,かひ,かび,
N5,文字,漢字読み,4章,難,ようの　ハイキングは　雨てんちゅうしです。,雨てん,うてん,ゆてん,あめてん,あまてん,
N5,文字,漢字読み,4章,難,ダイヤモンドや　ルビーなどの　ほう石は　たかいです。,ほう石,ほうせき,ほうぜき,ほういし,ほういじ,
N5,文字,漢字読み,4章,難,水田で　こめを　つくります。,水田,すいでん,すいてん,みずた,みずだ,
N5,文字,漢字読み,4章,難,花びんを　テーブルの　うえに　おきました。,花びん,かびん,がびん,はなびん,ばなびん,
N5,文字,表記,5章,難,つくえの　うえに　ノートが　あります。,うえ,上,中,内,下,
N5,文字,表記,5章,難,かばんの　なかに　てちょうが　あります。,なか,中,内,上,右,
N5,文字,表記,5章,難,わたしの　かれは　ひだりききです。,ひだりきき,左きき,右きき,外きき,内きき,
N5,文字,表記,5章,難,1ばんホームは　くだりの　でんしゃです。,くだり,下り,上り,左り,右り,
N5,文字,表記,5章,難,きのうは　いちにちじゅう　べんきょうしました。,いちにちじゅう,一日中,一日上,一月中,一月上,
N5,文字,表記,5章,難,なつやすみに　こくないを　りょこうしました。,こくない,こく内,こく中,こく外,こく上,,
N5,文字,表記,5章,難,くすりを　のみました。ねつが　さがりました。,さがりました,下がりました,上がりました,左がりました,右がりました,
N5,文字,表記,5章,難,まどの　うちがわも　きれいに　ふいてください。,うちがわ,内がわ,外がわ,上がわ,下がわ,
N5,文字,表記,5章,難,ここで　うせつしないでください。,うせつ,右せつ,左せつ,外せつ,内せつ,
N5,文字,表記,5章,難,そとは　とても　さむいです。,そと,外,内,中,下,
N5,文字,漢字読み,5章,難,あには　さい　年上です。,年上,としうえ,どしうえ,ねんじょう,ねんしょう,
N5,文字,漢字読み,5章,難,あのさかを　下ってください。,下って,くだって,したって,さがって,さかって,
N5,文字,漢字読み,5章,難,エレベーターで　八かいまで　上がります。,上がります,あがります,さがります,のがります,くがります,
N5,文字,漢字読み,5章,難,左右をよくみて　みちを　わたってください。,左右,さゆう,さゅう,ゆうさ,ゆさ,
N5,文字,漢字読み,5章,難,山川せんせいは　いま　かいぎ中です。,かいぎ中,かいぎちゅう,かいぎぢゅう,かいぎじゅう,かいぎしゅう,
N5,文字,漢字読み,5章,難,石田せんせいは　いま　外しゅつしています。,外しゅつ,がいしゅつ,かいしゅつ,そとしゅつ,ぞとしゅつ,,石田　いしだ,
N5,文字,漢字読み,5章,難,デパートで　上下セットの　ジャージを　かいました。,上下,じょうげ,じょげ,うえした,したうえ,
N5,文字,漢字読み,5章,難,おなかが　いたいですから　内かへ　いきました。,内か,ないか,ねいか,うちか,がいか,
N5,文字,漢字読み,5章,難,水中カメラで　さかなの　しゃしんを　とりました。,水中,すいちゅう,すいなか,みずちゅう,みずなか,
N5,文字,漢字読み,5章,難,あのかどを　右に　まがってください。,右,みぎ,ひだり,ゆう,さ,
N5,文字,表記,6章,難,わたしは　アメリカで　うまれました。,うまれました,生まれました,先まれました,内まれました,名まれました,
N5,文字,表記,6章,難,なまえを　ここに　かいてください。,なまえ,名まえ,先まえ,字まえ,体まえ,
N5,文字,表記,6章,難,にほんの　だいがくに　いきたいです。,にほん,日本,日木,日水,日体,
N5,文字,表記,6章,難,がっこうまで　あるいて　いきます。,がっこう,学校,学上,字校,字上,
N5,文字,表記,6章,難,きのう　えきで　せんせいに　あいました。,せんせい,先生,生先,千生,生千,
N5,文字,表記,6章,難,かれは　たいりょくが　ありますね。,たいりょく,体力,本力,木力,外力,,
N5,文字,表記,6章,難,だいがくで　えいごを　まなんでいます。,まなんでいます,学んで,校んで,字んで,名んで,,
N5,文字,表記,6章,難,きれいな　じで　かいてください。,じ,字,学,名,本,
N5,文字,表記,6章,難,田中さん、おからだを　たいせつに　してください。,からだ,体,本,木,校,
N5,文字,表記,6章,難,わたしは　アークアカデミーの　がくせいです。,がくせい,学生,学先,字生,字先,
N5,文字,漢字読み,6章,難,たん生日は　いつですか。,たん生日,たんじょうび,たんせいび,たんじょうにち,たんせいにち,
N5,文字,漢字読み,6章,難,えんぴつを　三本　かいました。,三本,さんぼん,さんほん,みつぼん,みつほん,
N5,文字,漢字読み,6章,難,きのうは　きゅう校でした。,きゅう校,きゅうこう,きゅうかう,きゅうごう,きゅうがう,
N5,文字,漢字読み,6章,難,わたしは　体いくが　とくいでした。,体いく,たいいく,たいく,だいいく,だいく,
N5,文字,漢字読み,6章,難,先に　のみものを　ください。,先に,さきに,せんに,あとに,まえに,,
N5,文字,漢字読み,6章,難,このホテルは　ゆう名です。,ゆう名,ゆうめい,ゆうな,ゆうみょう,ゆうまえ,,
N5,文字,漢字読み,6章,難,にほんの　生かつは　どうですか。,生かつ,せいかつ,いきかつ,じょうかつ,しょうかつ,
N5,文字,漢字読み,6章,難,先月、きょうとへ　いきました。,先月,せんげつ,せんつき,さきがつ,さきにち,
N5,文字,漢字読み,6章,難,山本さんは　ぎんこういんです。,山本さん,やまもとさん,やまほんさん,さんぼんさん,さんもとさん,
N5,文字,漢字読み,6章,難,わたしの　名字は　石田です。,名字,みょうじ,めいじ,なじ,まえじ,,石田　いしだ,
N5,文字,表記,7章,難,日本人の　ともだちが　たくさん　います。,ともだち,友だち,内だち,人だち,先だち,
N5,文字,表記,7章,難,ゴルフの　にゅうもんしょを　かいました。,にゅうもんしょ,入門しょ,人門しょ,入学しょ,人学しょ,
N5,文字,表記,7章,難,あさ　ゴミを　だしてから　がっこうへ　きます。,だして,出して,山して,入して,人して,
N5,文字,表記,7章,難,山田さんは　てが　とても　おおきいです。,おおきい,大きい,人きい,入きい,小きい,,山田　やまだ,
N5,文字,表記,7章,難,うちの　ちかくに　しょうがっこうが　あります。,しょうがっこう,小学校,上学校,小字校,上字校,
N5,文字,表記,7章,難,どうぞ　中に　はいってください。,はいって,入って,人って,出って,外って,,中　なか,
N5,文字,表記,7章,難,わたしは　すもうが　だいすきです。,だいすき,大すき,人すき,木すき,入すき,
N5,文字,表記,7章,難,ふじ山は　日本で　いちばん　たかい　山です。,たかい,高い,上い,大い,出い,
N5,文字,表記,7章,難,ちかてつの　でぐちは　たくさん　あります。,でぐち,出口,山口,入口,人口,
N5,文字,表記,7章,難,わたしは　ちいさい　いぬが　すきです。,ちいさい,小さい,子さい,下さい,大さい,
N5,文字,漢字読み,7章,難,かばんの　中に　けいたいを　入れます。,入れます,いれます,いられます,はいれます,にゅうれます,,中　なか,
N5,文字,漢字読み,7章,難,わたしの　せん門は　けいざいです。,せん門,せんもん,せんまん,せんみん,せんめん,
N5,文字,漢字読み,7章,難,しんじゅくへ　かいものに　出かけました。,出かけました,でかけました,だかけました,しかけました,いかけました,
N5,文字,漢字読み,7章,難,高校生のとき　アルバイトを　しました。,高校生,こうこうせい,ここうせい,こうこせい,ここせい,
N5,文字,漢字読み,7章,難,わたしは　大学へ　いきたいです。,大学,だいがく,たいがく,だいかく,たいかく,
N5,文字,漢字読み,7章,難,さいふの　中に　小ぜにが　ありません。,小ぜに,こぜに,しょうぜに,ごぜに,ちいぜに,,中　なか,
N5,文字,漢字読み,7章,難,きのう　かいぎに　出せきしました。,出せき,しゅっせき,しゅうせき,しっせき,しゅせき,
N5,文字,漢字読み,7章,難,くにから　しん友が　あそびに　きます。,しん友,しんゆう,しんにゅう,しんとも,しんにゃう,
N5,文字,漢字読み,7章,難,ぶちょうは　いま　外出しています。,外出,がいしゅつ,がいしゅ,そとしゅつ,そとしゅ,
N5,文字,漢字読み,7章,難,いちばん　大せつな　ものは　かぞくです。,大せつ,たいせつな,だいせつな,おおせつな,おうせつな,
N5,文字,表記,8章,難,こうえんで　おとこのこが　あそんでいます。,おとこのこ,男の子,男の小,女の子,女の小,
N5,文字,表記,8章,難,ちちの日に　ネクタイを　あげました。,ちち,父,母,子,友,
N5,文字,表記,8章,難,わたしの　そふは　ビールが　すきです。,そふ,そ父,そ男,そ母,そ女,
N5,文字,表記,8章,難,このがっこうは　だんじょ　あわせて　三百人　います。,だんじょ,男女,女男,田女,女田,,三百人　さんびゃくにん,
N5,文字,表記,8章,難,こうえんに　とても　きれいな　とりが　いました。,とり,鳥,犬,竹,友,
N5,文字,表記,8章,難,友だちの　こいぬは　しろくて　かわいいです。,こいぬ,子犬,子大,小大,子人,,友　とも,
N5,文字,表記,8章,難,じょしトイレは　あのドアの　みぎに　あります。,じょし,女子,女人,男子,男人,,
N5,文字,表記,8章,難,わたしの　あには　こどもが　三人います。,こども,子ども,小ども,友ども,生ども,,三人　さんにん,
N5,文字,表記,8章,難,クラスに　だんしがくせいが　十二人います。,だんしがくせい,男子学生,男子字生,力子学生,力子字生,,十二人　じゅうににん,
N5,文字,表記,8章,難,あなたの　ぼごは　なんですか。,ぼご,母ご,父ご,女ご,男ご,,
N5,文字,漢字読み,8章,難,きむらさんの　お父さんは　とても　せが　たかいです。,お父さん,おとうさん,おっとうさん,おちちさん,おふさん,
N5,文字,漢字読み,8章,難,わたしの　母校は　うみの　ちかくに　あります。,母校,ぼこう,ぼっこう,ははこう,はこう,
N5,文字,漢字読み,8章,難,三年まえから　小鳥を　かっています。,小鳥,ことり,ごとり,こちょう,ごちょう,,三年　さんねん,
N5,文字,漢字読み,8章,難,となりの　うちの　女の子は　とても　かわいいです。,女の子,おんなのこ,あんなのこ,おんなのし,あんなのし,
N5,文字,漢字読み,8章,難,あの男せいは　どなたですか。,男せい,だんせい,じょせい,なんせい,でんせい,
N5,文字,漢字読み,8章,難,さとうさんの　お母さんは　きょうとに　すんでいます。,お母さん,おかあさん,おかさん,おははさん,おぼさん,
N5,文字,漢字読み,8章,難,らい年、かの女と　けっこんします。,かの女,かのじょ,かのじょう,かのうじょう,かのうじょ,,らい年　らいねん,
N5,文字,漢字読み,8章,難,わたしの　ちょう男は　大さかで　はたらいています。,ちょう男,ちょうなん,ちょうねん,ちょうだん,ちょうお,,大さか　おおさか,
N5,文字,漢字読み,8章,難,しょうらい　小がた犬を　かいたいです。,小がた犬,こがたけん,こがたいぬ,しょうがたけん,しょうがたいぬ,
N5,文字,漢字読み,8章,難,あのいけに　たくさんの　はく鳥が　います。,はく鳥,はくちょう,はくぢょう,はくちよ,はくちょ,
N5,文字,表記,9章,難,ドアの　外に　先生が　たっています。,たって,立って,行って,体って,休って,,外　そと,先生　せんせい,
N5,文字,表記,9章,難,ともだちが　くるまえに　そうじします。,くる,来る,帰る,行る,見る,
N5,文字,表記,9章,難,7月から9月まで、大学は　なつやすみです。,なつやすみ,なつ休み,なつ本み,なつ木み,なつ体み,,7月　7がつ,大学　だいがく,
N5,文字,表記,9章,難,先生の　はなしを　よく　きいてください。,きいて,聞いて,見いて,来いて,門いて,,先生　せんせい,
N5,文字,表記,9章,難,まいばん　テレビを　みます。,みます,見ます,聞ます,出ます,目ます,
N5,文字,表記,9章,難,日よう日　としょかんへ　いきます。,いきます,行きます,来きます,帰きます,立きます,,日よう日,
N5,文字,表記,9章,難,さくらが　きれいですから、　はなみを　します。,はなみ,花見,花目,花日,花火,
N5,文字,表記,9章,難,金よう日に　かんじの　テストを　おこないます。,おこないます,行います,出います,立います,学います,,金よう日,
N5,文字,表記,9章,難,あした　くにから　母が　きます。,きます,来ます,行ます,帰ます,聞ます,,母　はは,
N5,文字,表記,9章,難,トムさんは　くにへ　かえりました。,かえりました,帰りました,来りました,行りました,立りました,
N5,文字,漢字読み,9章,難,休日は　いえで　本を　よみます。,休日,きゅうじつ,きょうじつ,やすみび,やすみひ,,本　ほん,
N5,文字,漢字読み,9章,難,なにか　い見が　ありますか。,い見,いけん,いかん,いもく,いぼく,
N5,文字,漢字読み,9章,難,Ａ：「きょう　うちへ　来ない？」　Ｂ：「うん。」,来ない,こない,きない,くない,けない,
N5,文字,漢字読み,9章,難,山田さんは　こく立大学の　学生です。,こく立,こくりつ,こくりづ,こくたち,こくだち,,山田　やまだ,大学　だいがく,学生　がくせい,
N5,文字,漢字読み,9章,難,まいあさ　しん聞を　よみます。,しん聞,しんぶん,しんかん,しんふん,しんがん,
N5,文字,漢字読み,9章,難,ともだちと　びじゅつかんを　見学しました。,見学,けんがく,かんがく,みがく,めがく,
N5,文字,漢字読み,9章,難,ぎん行の　まえに　ゆうびんきょくが　あります。,ぎん行,ぎんこう,ぎんごう,ぎんぎょう,ぎんぎゃう,
N5,文字,漢字読み,9章,難,あねは　来年　けっこんします。,来年,らいねん,らいとし,ことし,こうねん,
N5,文字,漢字読み,9章,難,父は　あさって　帰こく　します。,帰こく,きこく,ぎこく,かっこく,かえこく,,父　ちち,
N5,文字,漢字読み,9章,難,みせの　まえの　行れつに　ならんでください。,行れつ,ぎょうれつ,ぎょれつ,ごうれつ,こうれつ,
N5,文字,表記,10章,易,わたしは　日本の　えいがが　すきです。,すき,好き,女き,子き,見き,,日本　にほん,,,,,,,,,,,,,,,,,,,,,,,,,,,,,,,,,,,,,,,,,,,,,,,,,,
N5,文字,表記,10章,易,うちで　きんぎょを　かっています。,きんぎょ,金魚,金牛,金肉,金貝,,,,,,,,,,,,,,,,,,,,,,,,,,,,,,,,,,,,,,,,,,,,,,,,,,,,,
N5,文字,表記,10章,易,まい日　日本の　おちゃを　のみます。,おちゃ,お茶,お米,お物,お水,,日　にち,日本　にほん,,,,,,,,,,,,,,,,,,,,,,,,,,,,,,,,,,,,,,,,,,,,,,,,,,
N5,文字,表記,10章,易,友だちと　やきにくを　たべました。,やきにく,やき肉,やき牛,やき魚,やき貝,,友　とも,,,,,,,,,,,,,,,,,,,,,,,,,,,,,,,,,,,,,,,,,,,,,,,,,,
N5,文字,表記,10章,易,まいあさ　ぎゅうにゅうを　のみます。,ぎゅうにゅう,牛にゅう,内にゅう,水にゅう,生にゅう,,,,,,,,,,,,,,,,,,,,,,,,,,,,,,,,,,,,,,,,,,,,,,,,,,,
N5,文字,表記,10章,易,こめを　５キロ　かいました。,こめ,米,貝,茶,肉,,,,,,,,,,,,,,,,,,,,,,,,,,,,,,,,,,,,,,,,,,,,,,,,,,,,
N5,文字,表記,10章,易,きらいな　たべものは　ありますか。,たべもの,たべ物,たべ好,たべ米,たべ牛,,,,,,,,,,,,,,,,,,,,,,,,,,,,,,,,,,,,,,,,,,,,,,,,,,,,,
N5,文字,表記,10章,易,きれいな　かいを　見つけました。,かい,貝,見,目,日,,見　み,,,,,,,,,,,,,,,,,,,,,,,,,,,,,,,,,,,,,,,,,,,,,,,,,,,,,
N5,文字,表記,10章,易,友だちと　デパートで　かいものします。,かいもの,かい物,かい高,かい好,かい見,,友　とも,,,,,,,,,,,,,,,,,,,,,,,,,,,,,,,,,,,,,,,,,,,,,,,,,,,,,
N5,文字,漢字読み,10章,易,わたしの　くつは　茶いろです。,茶いろ,ちゃいろ,ちゅいろ,ちゃあいろ,ちゅういろ,,,,,,,,,,,,,,,,,,,,,,,,,,,,,,,,,,,,,,,,,,,,,,,
N5,文字,漢字読み,10章,易,わたしの　大好物は　いちごです。,大好物,だいこうぶつ,だいこうもの,おおこうぶつ,おおこうもの,,,,,,,,,,,,,,,,,,,,,,,,,,,,,,,,,,,,,,,,,,,,,,,,,,,
N5,文字,漢字読み,10章,易,らいしゅう　どう物えんへ　行きます。,どう物えん,どうぶつえん,どうものえん,どうぶっえん,どうもんえん,,行　い,,,,,,,,,,,,,,,,,,,,,,,,,,,,,,,,,,,,,,,,,,,,,,
N5,文字,漢字読み,10章,易,に物を　もちましょうか。,に物,にもつ,にぶつ,にぶっ,にもの,,,,,,,,,,,,,,,,,,,,,,,,,,,,,,,,,,,,,,,,,,,,,,,
N5,文字,漢字読み,10章,易,はじめて　魚いちばへ　行きました。,魚いちば,うおいちば,ぎょいちば,さかないちば,ぎょういちば,,行　い,,,,,,,,,,,,,,,,,,,,,,,,,,,,,,,,,,,,,,,,,,,,,,,
N5,文字,漢字読み,10章,易,あか貝の　さしみを　たべました。,あか貝,あかがい,あかかい,あかげん,あかけん,,,,,,,,,,,,,,,,,,,,,,,,,,,,,,,,,,,,,,,,,,,,,,,,
N5,文字,漢字読み,10章,易,日本は　物かが　高いです。,物か,ぶっか,ぶつか,ものか,もんか,,日本　にほん,高　たか,,,,,,,,,,,,,,,,,,,,,,,,,,,,,,,,,,,,,,,,,,,,,,,,
N5,文字,漢字読み,10章,易,げん米は　体に　いいです。,げん米,げんまい,げんこめ,げんへい,げんちゃ,,体　からだ,,,,,,,,,,,,,,,,,,,,,,,,,,,,,,,,,,,,,,,,,,,,,,,,
N5,文字,漢字読み,10章,易,あさ　はやく　おきて　牛に　えさを　やります。,牛,うし,むし,あし,いし,,,,,,,,,,,,,,,,,,,,,,,,,,,,,,,,,,,,,,,,,,,,,,,,,
N5,文字,漢字読み,10章,易,しょくじを　してから　こう茶を　のみます。,こう茶,こうちゃ,こうしゃ,こうさ,こうす,,,,,,,,,,,,,,,,,,,,,,,,,,,,,,,,,,,,,,,,,,,,,,,,,,
N5,文字,表記,10章,易,スーパーで　さかなを　二ひき　かいました。,さかな,魚,牛,鳥,肉,,二　に,,,,,,,,,,,,,,,,,,,,,,,,,,,,,,,,,,,,,,,,,,,,,,,,,,
N5,文字,表記,11章,易,となりの　へやから　へんな　おとが　します。,おと,音,明,岩,暗,,,,,,,,,,,,,,,,,,,,,,,,,,,,,,,,,,,,,,,,,,,,,,,,,,
N5,文字,表記,11章,易,そらが　あかるく　なりました。,あかるく,明るく,月るく,日るく,音るく,,,,,,,,,,,,,,,,,,,,,,,,,,,,,,,,,,,,,,,,,,,,,,,,,
N5,文字,表記,11章,易,もりの　おくに　きれいな　みずうみが　あります。,もり,森,林,木,竹,,,,,,,,,,,,,,,,,,,,,,,,,,,,,,,,,,,,,,,,,,,,,,,,,,,
N5,文字,表記,11章,易,あけがたまで　本を　よんでいました。,あけがた,明けがた,暗けがた,月けがた,日けがた,,本　ほん,,,,,,,,,,,,,,,,,,,,,,,,,,,,,,,,,,,,,,,,,,,,,,,,
N5,文字,表記,11章,易,このページを　あんきしてください。,あんき,暗き,明き,音き,聞き,,,,,,,,,,,,,,,,,,,,,,,,,,,,,,,,,,,,,,,,,,,,,,,,
N5,文字,表記,11章,易,ようがんを　見たことがありますか。,ようがん,よう岩,よう石,よう外,よう田,,見　み,,,,,,,,,,,,,,,,,,,,,,,,,,,,,,,,,,,,,,,,,,,,,,,,
N5,文字,表記,11章,易,日本は　しんりんが　おおい　くにです。,しんりん,森林,森木,林森,木林,,日本　にほん,,,,,,,,,,,,,,,,,,,,,,,,,,,,,,,,,,,,,,,,,,,,,,,,
N5,文字,表記,11章,易,にわの　はたけで　キャベツを　つくっています。,はたけ,畑,岩,林,田,,,,,,,,,,,,,,,,,,,,,,,,,,,,,,,,,,,,,,,,,,,,,,,,,
N5,文字,表記,11章,易,外が　くらくなる　まえに　帰りましょう。,くらく,暗く,明く,日く,音く,,外　そと,帰　かえ,,,,,,,,,,,,,,,,,,,,,,,,,,,,,,,,,,,,,,,,,,,,,,,,,
N5,文字,表記,11章,易,あそこの　いわの　上に　人が　います。,いわ,岩,石,山,畑,,上　うえ,人　ひと,,,,,,,,,,,,,,,,,,,,,,,,,,,,,,,,,,,,,,,,,,,,,,,,
N5,文字,漢字読み,11章,易,しゅうまつ　森へ　ハイキングに　行きました。,森,もり,しん,りん,はやし,,行　い,,,,,,,,,,,,,,,,,,,,,,,,,,,,,,,,,,,,,,,,,,,,,,,,,,,,
N5,文字,漢字読み,11章,易,このあたりは　みかん畑が　おおいです。,みかん畑,みかんばたけ,みかんぱたけ,みかんぱた,みかんばた,,,,,,,,,,,,,,,,,,,,,,,,,,,,,,,,,,,,,,,,,,,,,,,,,,
N5,文字,漢字読み,11章,易,明日までに　しゅくだいを　しなければなりません。,明日,あした,あすび,あけひ,あかび,,,,,,,,,,,,,,,,,,,,,,,,,,,,,,,,,,,,,,,,,,,,,,,,,,,
N5,文字,漢字読み,11章,易,どんな　音がくが　好きですか。,音がく,おんがく,おとがく,ねがく,おがく,,好　す,,,,,,,,,,,,,,,,,,,,,,,,,,,,,,,,,,,,,,,,,,,,,,,,,,,
N5,文字,漢字読み,11章,易,とうきょうは　田畑が　すくないです。,田畑,たはた,だはた,だばた,たばだ,,,,,,,,,,,,,,,,,,,,,,,,,,,,,,,,,,,,,,,,,,,,,,,,,,,
N5,文字,漢字読み,11章,易,へやが　暗いですから　でんきを　つけましょう。,暗い,くらい,あかい,ちさい,たかい,,,,,,,,,,,,,,,,,,,,,,,,,,,,,,,,,,,,,,,,,,,,,,,,,,,,
N5,文字,漢字読み,11章,易,先生が　かん字の　よみかたを　せつ明しました。,せつ明,せつめい,せつめん,せつあけ,せつあす,,先生　せんせい,字　じ,,,,,,,,,,,,,,,,,,,,,,,,,,,,,,,,,,,,,,,,,,,,,,,,,
N5,文字,漢字読み,11章,易,ギターよりも　ピアノの　音いろのほうが　好きです。,音いろ,ねいろ,ぬいろ,おといろ,おんいろ,,好　す,,,,,,,,,,,,,,,,,,,,,,,,,,,,,,,,,,,,,,,,,,,,,,,,,
N5,文字,漢字読み,11章,易,きのう　林の中で　きのこを　見つけました。,林,はやし,ほやし,りん,しん,,中　なか,見　み,,,,,,,,,,,,,,,,,,,,,,,,,,,,,,,,,,,,,,,,,,,,,,,,,
N5,文字,漢字読み,11章,易,よが　明けて　あさが　来ました。,明けて,あけて,めけて,めかけて,あかけて,,来　き,,,,,,,,,,,,,,,,,,,,,,,,,,,,,,,,,,,,,,,,,,,,,,,,,
N5,文字,表記,12章,易,きのう　はじめて　さしみを　たべました。,たべました,食べました,飲べました,買べました,見べました,,,,,,,,,,,,,,,,,,,,,,,,,,,,,,,,,,,,,,,,,,,,,,,,,,,,
N5,文字,表記,12章,易,このしょくどうの　りょうりは　おいしいです。,しょくどう,食どう,飲どう,肉どう,畑どう,,,,,,,,,,,,,,,,,,,,,,,,,,,,,,,,,,,,,,,,,,,,,,,,,,,,
N5,文字,表記,12章,易,わたしの　しゅみは　どくしょです。,どくしょ,読書,読学,読物,読話,,,,,,,,,,,,,,,,,,,,,,,,,,,,,,,,,,,,,,,,,,,,,,,,,,,,,
N5,文字,表記,12章,易,きょう　あたらしい　でん子じ書を　かいます。,かいます,買います,書います,帰います,学います,,子　し,書　しょ,,,,,,,,,,,,,,,,,,,,,,,,,,,,,,,,,,,,,,,,,,,,,,,,,,,,
N5,文字,表記,12章,易,山下さんに　でんごんを　おねがいします。,でんごん,でん言,でん話,でん聞,でん書,,山下　やました,,,,,,,,,,,,,,,,,,,,,,,,,,,,,,,,,,,,,,,,,,,,,,,,,,,
N5,文字,表記,12章,易,かいわを　もっと　れんしゅうしましょう。,かいわ,かい話,かい言,かい音,かい聞,,,,,,,,,,,,,,,,,,,,,,,,,,,,,,,,,,,,,,,,,,,,,,,,,,,,
N5,文字,表記,12章,易,明日　しぶやへ　かいものに　行きます。,かいもの,買い物,四い物,貝い物,見い物,,明日　あした,行　い,,,,,,,,,,,,,,,,,,,,,,,,,,,,,,,,,,,,,,,,,,,,,,,,,,,
N5,文字,表記,12章,易,こちらに　お名まえと　じゅうしょを　かいてください。,かいて,書いて,言いて,聞いて,話いて,,名　な,,,,,,,,,,,,,,,,,,,,,,,,,,,,,,,,,,,,,,,,,,,,,,,,,,,
N5,文字,表記,12章,易,なにか　のみものは　いかがですか。,のみもの,飲み物,食み物,好み物,読み物,,,,,,,,,,,,,,,,,,,,,,,,,,,,,,,,,,,,,,,,,,,,,,,,,,,,
N5,文字,表記,12章,易,きのう　母と　１じかん　はなしました。,はなしました,話しました,言しました,聞しました,音しました,,母　はは,,,,,,,,,,,,,,,,,,,,,,,,,,,,,,,,,,,,,,,,,,,,,,,,,,,,
N5,文字,漢字読み,12章,易,学校に　でん話を　かけました。,でん話,でんわ,でんね,でんは,でんほ,,学校　がっこう,,,,,,,,,,,,,,,,,,,,,,,,,,,,,,,,,,,,,,,,,,,,,,,,,
N5,文字,漢字読み,12章,易,すみませんが　もういちど　言ってください。,言って,いって,はって,かって,たって,,,,,,,,,,,,,,,,,,,,,,,,,,,,,,,,,,,,,,,,,,,,,,,,,,,,
N5,文字,漢字読み,12章,易,一ばん　好きな　食べ物は　なんですか。,食べ物,たべもの,たべぶつ,のべもの,のべぶつ,,,,,,,,,,,,,,,,,,,,,,,,,,,,,,,,,,,,,,,,,,,,,,,,,,
N5,文字,漢字読み,12章,易,「おおきに」は　かんさいの　ほう言です。,ほう言,ほうげん,ほうごん,ほういい,ほうこと,,,,,,,,,,,,,,,,,,,,,,,,,,,,,,,,,,,,,,,,,,,,,,,,,,,
N5,文字,漢字読み,12章,易,１ヵ月に　十さつ　本を　読みます。,読みます,よみます,のみます,どみます,かみます,,ヵ月　かげつ,十　じゅっ,本　ほん,,,,,,,,,,,,,,,,,,,,,,,,,,,,,,,,,,,,,,,,,,,,,,,,,
N5,文字,漢字読み,12章,易,この言ばの　いみは　なんですか。,言ば,ことば,ごとば,いいば,いうば,,,,,,,,,,,,,,,,,,,,,,,,,,,,,,,,,,,,,,,,,,,,,,,,,,
N5,文字,漢字読み,12章,易,まいあさ　コーヒーを　飲みます。,飲みます,のみます,よみます,なみます,ねみます,,,,,,,,,,,,,,,,,,,,,,,,,,,,,,,,,,,,,,,,,,,,,,,,,,,
N5,文字,漢字読み,12章,易,わたしは　こわい話が　大好きです。,話,はなし,ばなし,はな,ばな,,大好　だいす,,,,,,,,,,,,,,,,,,,,,,,,,,,,,,,,,,,,,,,,,,,,,,,,,,,
N5,文字,漢字読み,12章,易,飲食てんで　アルバイトを　したいです。,飲食てん,いんしょくてん,いしょくてん,いんしょうくてん,いしょうくてん,,,,,,,,,,,,,,,,,,,,,,,,,,,,,,,,,,,,,,,,,,,,,,,,,,,
N5,文字,漢字読み,12章,易,こんど　いっしょに　食じを　しませんか。,食じ,しょくじ,しゃくじ,しきじ,しくじ,,,,,,,,,,,,,,,,,,,,,,,,,,,,,,,,,,,,,,,,,,,,,,,,,,,,
N5,文字,表記,1章,易,きのうは　よじかん　ねました。,よじかん,四じかん,五じかん,三じかん,六じかん,
N5,文字,表記,1章,易,いちにちに　二じかん　にほんごを　べんきょうします。,いちにち,一にち,八にち,七にち,九にち,,二　に,
N5,文字,表記,1章,易,しちごさんは　こどもの　おいわいです。,しちごさん,七五三,四一三,七子三,四子三,
N5,文字,表記,1章,易,わたしは　アパートの　にかいに　すんでいます。,にかい,二かい,三かい,一かい,五かい,
N5,文字,表記,1章,易,テーブルに　みかんが　むっつ　あります。,むっつ,六つ,五つ,八つ,九つ,
N5,文字,表記,1章,易,じゅうまんえんで　パソコンを　かいました。,じゅうまんえん,十万円,一万円,百万円,九万円,
N5,文字,表記,1章,易,パーティーの　かいひは　さんぜんえんです。,さんぜんえん,三千円,十千円,八三円,九千円,
N5,文字,表記,1章,易,サッカーは　じゅういちにんで　一つの　チームです。,じゅういちにん,十一人,十七人,百一人,百七人,
N5,文字,表記,1章,易,かさたてに　かさが　はっぽん　あります。,はっぽん,八ぽん,七ぽん,四ぽん,一ぽん,
N5,文字,表記,1章,易,この　おべんとうは　ろっぴゃくえんでした。,ろっぴゃくえん,六百円,八百円,六千円,八千円,
N5,文字,漢字読み,1章,易,すみません。みずを　三つ　ください。,三つ,みっつ,さんつ,よっつ,よんつ,
N5,文字,漢字読み,1章,易,三百にんの　ひとが　きました。,三百にん,さんびゃくにん,さんひゃくにん,ざんひゃくにん,ざんびゃくにん,
N5,文字,漢字読み,1章,易,つくえの　うえに　コップが　五つ　あります。,五つ,いつつ,ごつ,さんつ,ごんつ,
N5,文字,漢字読み,1章,易,ペンを　一ぽん　かいました。,一ぽん,いっぽん,いちぽん,いんぽん,いいぽん,
N5,文字,漢字読み,1章,易,すみません。50えんの　きってを　二まい　ください。,二まい,にまい,にんまい,じんまい,じまい,
N5,文字,漢字読み,1章,易,まいあさ　九じに　じゅぎょうが　はじまります。,九じ,くじ,きゅうじ,くうじ,きゅじ,
N5,文字,漢字読み,1章,易,でんしゃで　四十ぷん　かかります。,四十ぷん,よんじっぷん,しじゅっぷん,しんじゅっぷん,よんじゅっぷん,
N5,文字,漢字読み,1章,易,レストランは　七かいに　あります。,七かい,ななかい,しちかい,はちかい,なかい,
N5,文字,漢字読み,1章,易,この　ふくは　三千円　でした。,三千円,さんぜんえん,ざんぜんえん,さんせんえん,さぜんえん,
N5,文字,漢字読み,1章,易,ここから　ほこはままで　四百円です。,四百円,よんひゃくえん,よんびゃくえん,しびゃくえん,しひゃくえん,
N5,文字,表記,2章,易,いつか　つきへ　いきたいです。,つき　　,月,火,日,土,,,,,,,,,,
N5,文字,表記,2章,易,あしたは　きんようびです。テストが　あります。,きんようび,金よう日,月よう日,百よう日,千よう日,,,,,,,,,,,,,,,,,,
N5,文字,表記,2章,易,げんきんで　とけいを　かいます。,げんきん,げん金,げん円,げん百,げん千,,,,,,,,,,
N5,文字,表記,2章,易,こうえんに　さくらのきが　たくさん　あります。,さくらのき　,さくらの木,さくらの土,さくらの一,さくらの八,,,,,,,,,,,,
N5,文字,表記,2章,易,きょねん　はじめて　にほんへ　きました。,きょねん,きょ年,きょ月,きょ円,きょ日,,,,,,,,,,,,,
N5,文字,表記,2章,易,たばこに　ひを　つけます。,ひ,火,日,木,水,,,,,,,,,,,,,,
N5,文字,表記,2章,易,なかやまさんの　としは　二十五さいです。,とし,年,月,金,日,,二十五　にじゅうご,,,,,,,,,,,,,,
N5,文字,表記,2章,易,せんしゅうの　すいようびに　ほんを　かりました。,すいようび,水よう日,木よう日,金よう日,土よう日,,,,,,,,,,,,,,,
N5,文字,表記,2章,易,どようびに　ともだちと　えいがを　みに　いきます。,どようび,土よう日,日よう日,木よう日,火よう日,,,,,,,,,,,,,,,,
N5,文字,表記,2章,易,じゅうにがつに　くにへ　かえります。,じゅうにがつ,十二月,十二日,二十月,二十日,,,,,,,,,,,,,,,,,
N5,文字,漢字読み,2章,易,３年まえに　にほんへ　きました。,３年,さんねん,さんえん,さんとし,さんにち,
N5,文字,漢字読み,2章,易,五月五日は　こどもの日です。,五月五日,ごがついつか,ごがつごにち,ごげついつか,ごげつごにち,,日　ひ,,,,,,,,
N5,文字,漢字読み,2章,易,つめたい　水が　のみたいです。,水,みず,すい,もく,き,,
N5,文字,漢字読み,2章,易,ここに　せい年月日を　かいてください。,せい年月日,せいねんがっぴ,せいねんがつひ,せいねんつきび,せいねんつきひ,,,
N5,文字,漢字読み,2章,易,やましたさんは　１か月まえに　けっこんしました。,１か月,いっかげつ,いっかつき,いっかがつ,いっかにち,,,
N5,文字,漢字読み,2章,易,らい月　ともだちが　にほんへ　あそびに　きます。,らい月,らいげつ,らいつき,らいがつ,らいねん,,,,
N5,文字,漢字読み,2章,易,いま　お金が　ぜんぜん　ありません。,お金,おかね,おがね,おきん,おぎん,,,,,
N5,文字,漢字読み,2章,易,きゅう日は　うちで　ゆっくり　やすみます。,きゅう日,きゅうじつ,きゅうにち,きゅうひ,きゅうび,,,,,,
N5,文字,漢字読み,2章,易,こどもに　木の　おもちゃを　プレゼントしました。,木,き,もく,ぼく,すい,,,,,,,
N5,文字,漢字読み,2章,易,まいしゅう　火よう日に　かいわの　れんしゅうをします。,火よう日,かようび,ひようび,かようにち,ひようにち,,,,,,,,
N5,文字,表記,3章,易,ジョンさんは　ちからが　とても　つよいです。,ちから,力,足,目,耳,,,,,,,,,,,,,,,,,,,,,,,
N5,文字,表記,3章,易,あじが　うすいですね。しおを　たしてください。,たして,足して,力して,田して,手して,,,,,,,,,,,,,,,,,,,,,,,,,,,,
N5,文字,表記,3章,易,しんじゅくえきは　ひとが　とても　おおいです。,ひと,人,入,一,二,,,,,,,,,,,,,,,,,,,,,,,,
N5,文字,表記,3章,易,クラスの　がくせいは　ぜんぶで　にじゅうにん　います。,にじゅうにん,二十人,十二人,四十人,十四人,,,,,,,,,,,,,,,,,,,,,,,,
N5,文字,表記,3章,易,しんおおさかは　なごやから　ふたつめです。,ふたつめ,二つ目,一つ目,三つ日,四つ日,,,,,,,,,,,,,,,,,,,,,,,,,
N5,文字,表記,3章,易,ドラッグストアで　めぐすりを　かいました。,めぐすり,目ぐすり,日ぐすり,四ぐすり,口ぐすり,,,,,,,,,,,,,,,,,,,,,,,,,,
N5,文字,表記,3章,易,ジミーさんは　せが　たかくて　くちが　おおきいです。,くち,口,目,手,足,,,,,,,,,,,,,,,,,,,,,,,,,,,
N5,文字,表記,3章,易,わたしの　ちちは　タクシーの　うんてんしゅです。,うんてんしゅ,うんてん手,うんてん人,うんてん足,うんてん力,,,,,,,,,,,,,,,,,,,,,,,,,,,
N5,文字,表記,3章,易,みみが　いたいですから　びょういんへ　いきました。,みみ,耳,口,足,目,,,,,,,,,,,,,,,,,,,,,,,,,,,
N5,文字,表記,3章,易,デパートで　くつしたを　にそく　かいました。,にそく,二足,一足,二手,一手,,,,,,,,,,,,,,,,,,,,,,,,,,,,
N5,文字,漢字読み,3章,易,ジョンさんは　アメリカ人です。,アメリカ人,アメリカじん,アメリカひと,アメリカびと,アメリカにん,,,,,,,,,,,,,,,,,,,
N5,文字,漢字読み,3章,易,とうきょうの　人口を　しっていますか。,人口,じんこう,じんくち,にんこう,にんくち,,,,,,,,,,,,,,,,,,,,,,
N5,文字,漢字読み,3章,易,わたしは　一人で　にほんへ　きました。,一人,ひとり,ひとにん,いちじん,いちひと,,,,,,,,,,,,,,,,,,,
N5,文字,漢字読み,3章,易,足を　けがして　びょういんへ　いきました。,足,あし,たし,そく,ぞく,,,,,,,,,,,,,,,,,,,
N5,文字,漢字読み,3章,易,しぶやえきの　かいさつ口で　ともだちと　あいます。,かいさつ口,かいさつぐち,かいさつくち,かいさつこう,かいさつごう,,,,,,,,,,,,,,,,,,,,
N5,文字,漢字読み,3章,易,あした　がっこうで　がく力テストが　あります。,がく力テスト,がくりょくテスト,がくりきテスト,がくちからテスト,がくぢからテスト,,,,,,,,,,,,,,,,,,,,
N5,文字,漢字読み,3章,易,いつも　目ざましどけいを　７じに　セットしています。,目ざましどけい,めざましどけい,めいざましどけい,ぬざましどけい,ぬうざましどけい,,,,,,,,,,,,,,,,,,,,,
N5,文字,漢字読み,3章,易,きのう　耳びかへ　いきました。,耳びか,じびか,じいびか,みびか,みみびか,,,,,,,,,,,,,,,,,,,,,
N5,文字,漢字読み,3章,易,くにの　りょうしんに　手がみを　かきました。,手がみ,てがみ,ていがみ,しがみ,しゅがみ,,,,,,,,,,,,,,,,,,,,,
N5,文字,漢字読み,3章,易,ゆうびんきょくで　きっ手を　五まい　かいます。,きっ手,きって,きっで,きっしゅ,きっしょ,,,,,,,,,,,,,,,,,,,,,,
N5,文字,表記,4章,易,ことしの　なつやすみは　ふじさんへ　いきたいです。,ふじさん,ふじ山,ふじ三,ふじ川,ふじ石,,,,,,,,,,,,,,,,,,,,,,,,,,,,,,,,
N5,文字,表記,4章,易,たいふうで　おおあめが　たくさん　ふりました。,おおあめ,おお雨,おお水,おお花,おお川,,,,,,,,,,,,,,,,,,,,,,,,,,,,,,,,,,,,,
N5,文字,表記,4章,易,やまださんは　ハンサムで　すてきな人です。,やまださん,山田さん,川田さん,木田さん,水田さん,,,,,,,,,,,,,,,,,,,,,,,,,,,,,,,,,
N5,文字,表記,4章,易,たんぼに　カエルや　かもが　います。,たんぼ,田んぼ,土んぼ,日んぼ,石んぼ,,,,,,,,,,,,,,,,,,,,,,,,,,,,,,,,,,
N5,文字,表記,4章,易,まいあさ　ベランダの　はなに　水を　やります。,はな,花,火,水,土,,,,,,,,,,,,,,,,,,,,,,,,,,,,,,,,,,,
N5,文字,表記,4章,易,川で　きれいな　こいしを　ひろいました。,こいし,こ石,こ口,こ日,こ手,,,,,,,,,,,,,,,,,,,,,,,,,,,,,,,,,,,
N5,文字,表記,4章,易,ははの日に　カーネーションの　はなたばを　あげました。,はなたば,花たば,火たば,水たば,石たば,,,,,,,,,,,,,,,,,,,,,,,,,,,,,,,,,,,,
N5,文字,表記,4章,易,なつやすみに　はなびを　みに　いきます。,はなび,花火,火花,花日,日花,,,,,,,,,,,,,,,,,,,,,,,,,,,,,,,,,,,,,
N5,文字,表記,4章,易,きれいな　かわで　こどもが　あそんでいます。,かわ,川,水,山,田,,,,,,,,,,,,,,,,,,,,,,,,,,,,,,,,,,,,,,
N5,文字,表記,4章,易,うちの　ちかくの　山に　ちくりんが　あります。,ちくりん,竹りん,田りん,千りん,山りん,,山　やま,,,,,,,,,,,,,,,,,,,,,,,,,,,,,,,,,,,,
N5,文字,漢字読み,4章,易,あぶないですから　石を　なげてはいけません。,石,いし,いしい,せき,せきい,,,,,,,,,,,,,,,,,,,,,,,,,,,,
N5,文字,漢字読み,4章,易,にほんは　６月に　雨が　たくさん　ふります。,雨,あめ,さめ,ゆ,う,,月　がつ,,,,,,,,,,,,,,,,,,,,,,,,,,,,,,,
N5,文字,漢字読み,4章,易,まい日　山の手せんで　がっこうへ　いきます。,山の手せん,やまのてせん,さんのてせん,やまのしゅせん,さんのしゅせん,,日　にち,,,,,,,,,,,,,,,,,,,,,,,,,,,
N5,文字,漢字読み,4章,易,水田で　こめを　つくります。,水田,すいでん,すいた,みずでん,みずた,,,,,,,,,,,,,,,,,,,,,,,,,,,
N5,文字,漢字読み,4章,易,このクラスの　たんにんは　川口せんせいです。,川口せんせい,かわぐちせんせい,がわぐちせんせい,かわこうせんせい,かわごうせんせい,,,,,,,,,,,,,,,,,,,,,,,,,,,,
N5,文字,漢字読み,4章,易,にほんで　一ばん　ながい川は　どこに　ありますか。,川,かわ,がわ,みす,みず,,,,,,,,,,,,,,,,,,,,,,,,,,,,
N5,文字,漢字読み,4章,易,にほんは　山が　おおい　くにです。,山,やま,ゆま,よま,まま,,,,,,,,,,,,,,,,,,,,,,,,,,,,
N5,文字,漢字読み,4章,易,ダイヤモンドや　ルビーなどの　ほう石は　たかいです。,ほう石,ほうせき,ほうぜき,ほういし,ほうしい,,,,,,,,,,,,,,,,,,,,,,,,,,,,,
N5,文字,漢字読み,4章,易,花びんを　テーブルの　うえに　おきました。,花びん,かびん,がびん,はなびん,ばなびん,,,,,,,,,,,,,,,,,,,,,,,,,,,,,,
N5,文字,漢字読み,4章,易,はるは　竹のこが　おいしいです。,竹のこ,たけのこ,だけのこ,ちくのこ,ぢくのこ,,,,,,,,,,,,,,,,,,,,,,,,,,,,,,,,,
N5,文字,表記,5章,易,としうえの　人と　けっこんしたいです。,としうえ,年上,年下,月上,月下,,人　ひと,,,,,,,,,,,,,,,,,,,,,,,,,,,,,,,,,,,,,,
N5,文字,表記,5章,易,山田せんせいは　いま　じゅぎょうちゅうです。,じゅぎょうちゅう,じゅぎょう中,じゅぎょう内,じゅぎょう上,じゅぎょう下,,山田　やまだ,,,,,,,,,,,,,,,,,,,,,,,,,,,,,,,,,,
N5,文字,表記,5章,易,あついですから　そとに　でたくないです。,そと,外,内,中,上,,,,,,,,,,,,,,,,,,,,,,,,,,,,,,,,,,,,,,,
N5,文字,表記,5章,易,いすの　したに　ねこが　います。,した,下,上,中,右,,,,,,,,,,,,,,,,,,,,,,,,,,,,,,,,,,,,,,,
N5,文字,表記,5章,易,せいせきが　さがりました。かなしいです。,さがりました,下がりました,上がりました,右がりました,左がりました,,,,,,,,,,,,,,,,,,,,,,,,,,,,,,,,,,,,,,
N5,文字,表記,5章,易,みなさん　つくえの　みぎがわに　たってください。,みぎがわ,右がわ,左がわ,内がわ,外がわ,,,,,,,,,,,,,,,,,,,,,,,,,,,,,,,,,,,,,,
N5,文字,表記,5章,易,わたしは　ひだりききです。,ひだりきき,左きき,右きき,石きき,口きき,,,,,,,,,,,,,,,,,,,,,,,,,,,,,,,,,,,,,,,
N5,文字,表記,5章,易,デパートで　じょうげセットの　ジャージを　かいました。,じょうげ,上下,下上,外内,内外,,,,,,,,,,,,,,,,,,,,,,,,,,,,,,,,,,,,,,,
N5,文字,表記,5章,易,なつやすみに　一人で　こくないを　りょこうしました。,こくない,こく内,こく中,こく外,こく土,,,,,,,,,,,,,,,,,,,,,,,,,,,,,,,,,,,,,,,
N5,文字,表記,5章,易,かばんの　なかに　ペットボトルの　水が　あります。,なか,中,内,外,上,,水　みず,,,,,,,,,,,,,,,,,,,,,,,,,,,,,,,,,,,,
N5,文字,漢字読み,5章,易,おとうとは　三さい　年下です。,年下,としした,としか,ねんした,ねんか,,三　さん,,,,,,,,,,,,,,,,,,,,,,,,,,,,,,,,,,,,
N5,文字,漢字読み,5章,易,このかどを　右に　まがってください。,右,みぎ,ゆう,ひだり,さ,,,,,,,,,,,,,,,,,,,,,,,,,,,,,,,,,,,,,,,
N5,文字,漢字読み,5章,易,かいだんで　三かいまで　上がってください。,上がって,あがって,うえがって,さがって,したがって,,三　さん,,,,,,,,,,,,,,,,,,,,,,,,,,,,,,,,,,,,
N5,文字,漢字読み,5章,易,つくえの　上に　なにが　ありますか。,上,うえ,した,やま,くち,,,,,,,,,,,,,,,,,,,,,,,,,,,,,,,,,,,,
N5,文字,漢字読み,5章,易,二ばんホームに　下りの　でんしゃが　きます。,下り,くだり,さがり,あがり,のぼり,,二　に,,,,,,,,,,,,,,,,,,,,,,,,,,,,,,,,,,,,
N5,文字,漢字読み,5章,易,わたしの　しゅみは　水上スキーです。,水上,すいじょう,みずじょう,すいじゅう,みずじゅう,,,,,,,,,,,,,,,,,,,,,,,,,,,,,,,,,,,,,
N5,文字,漢字読み,5章,易,きょうは　一日中　あつかったです。,一日中,いちにちじゅう,いちなかじゅう,いちじつちゅう,ついたちちゅう,,,,,,,,,,,,,,,,,,,,,,,,,,,,,,,,,,,,,,
N5,文字,漢字読み,5章,易,左右を　よく　みて　おうだんほどうを　わたってください。,左右,さゆう,さあゆう,さあゆ,さゆ,,,,,,,,,,,,,,,,,,,,,,,,,,,,,,,,,,,,,,,
N5,文字,漢字読み,5章,易,山口せんせいは　いま　外しゅつしています。,外しゅつ,がいしゅつ,かいしゅつ,そとしゅつ,ぞとしゅつ,,山口　やまぐち,,,,,,,,,,,,,,,,,,,,,,,,,,,,,,,,,,,,,,,
N5,文字,漢字読み,5章,易,まどの　内がわも　よく　ふいてください。,内がわ,うちがわ,ないがわ,そとがわ,がいがわ,,,,,,,,,,,,,,,,,,,,,,,,,,,,,,,,,,,,,,,
N5,文字,表記,6章,易,わたしの　がっこうは　しぶやに　あります。,がっこう,学校,字校,学口,字口,,,,,,,,,,,,,,,,,,,,,,,,,,,,,,,,,
N5,文字,表記,6章,易,アルバイトが　あります。さきに　かえります。,さき,先,生,上,外,,,,,,,,,,,,,,,,,,,,,,,,,,,,,,,,
N5,文字,表記,6章,易,せんせいは　いつも　やさしいです。,せんせい,先生,生先,千生,生千,,,,,,,,,,,,,,,,,,,,,,,,,,,,,,,,,
N5,文字,表記,6章,易,はじめて　にほんへ　きました。,にほん,日本,二本,日木,二木,,,,,,,,,,,,,,,,,,,,,,,,,,,,,,,,,,
N5,文字,表記,6章,易,わたしの　おとうとは　ちゅうがくせいです。,ちゅうがくせい,中学生,中字生,中学先,中字先,,,,,,,,,,,,,,,,,,,,,,,,,,,,,,,,,,
N5,文字,表記,6章,易,じを　きれいに　おおきく　かいてください。,じ,字,学,土,千,,,,,,,,,,,,,,,,,,,,,,,,,,,,,,,,,,,
N5,文字,表記,6章,易,うちの　いぬは　十五さいまで　いきました。,いきました,生きました,先きました,左きました,右きました,,十五　じゅうご,,,,,,,,,,,,,,,,,,,,,,,,,,,,,,,,,
N5,文字,表記,6章,易,ビールを　さんぼん　かいました。,さんぼん,三本,三木,三体,三人,,,,,,,,,,,,,,,,,,,,,,,,,,,,,,,,
N5,文字,表記,6章,易,なまえを　よびます。手を　あげてください。,なまえ,名まえ,字まえ,学まえ,中まえ,,手　て,,,,,,,,,,,,,,,,,,,,,,,,,,,,,,,
N5,文字,表記,6章,易,たいいくかんで　バスケットボールを　しました。,たいいくかん,体いくかん,本いくかん,木いくかん,人いくかん,,,,,,,,,,,,,,,,,,,,,,,,,,,,,,,,,
N5,文字,漢字読み,6章,易,だい学で　ほうりつを　学んでいます。,学んで,まなんで,あそんで,のんで,こんで,,学　がく,,,,,,,,,,,,,,,,,,,,,,,,,,,,,,,,,
N5,文字,漢字読み,6章,易,えんぴつを　一本　かしてください。,一本,いっぽん,いっほん,いちぽん,いちほん,,,,,,,,,,,,,,,,,,,,,,,,,,,,,,,,
N5,文字,漢字読み,6章,易,らい月　あねに　こどもが　生まれます。,生まれます,うまれます,のまれます,せまれます,かまれます,,月　げつ,,,,,,,,,,,,,,,,,,,,,,,,,,,,,,,,
N5,文字,漢字読み,6章,易,ピアーズさんは　アークだい学の　学生です。,学生,がくせい,がくしょう,まなせい,まなしょう,,学　がく,,,,,,,,,,,,,,,,,,,,,,,,,,,,,,,
N5,文字,漢字読み,6章,易,クラスに　おなじ　名字の　人が　三人います。,名字,みょうじ,めいじ,ぬじ,なじ,,人　ひと,三人　さんにん,,,,,,,,,,,,,,,,,,,,,,,,,,,,,,,
N5,文字,漢字読み,6章,易,この本は　むずかしいです。,本,ほん,ぼん,き,もく,,,,,,,,,,,,,,,,,,,,,,,,,,,,,,,,
N5,文字,漢字読み,6章,易,先月　雨が　おおかったです。,先月,せんげつ,せんつき,せんがつ,せんにち,,雨　あめ,,,,,,,,,,,,,,,,,,,,,,,,,,,,,,,,
N5,文字,漢字読み,6章,易,山川さんは　体が　よわいです。,体,からだ,からた,だい,たい,,山川　やまかわ,,,,,,,,,,,,,,,,,,,,,,,,,,,,,,,
N5,文字,漢字読み,6章,易,ここは　ゆう名な　ラーメンやです。,ゆう名な,ゆうめいな,ゆうねいな,ゆうみょうな,ゆうみゃうな,,,,,,,,,,,,,,,,,,,,,,,,,,,,,,,
N5,文字,漢字読み,6章,易,山本さんは　かぜで　やすみました。,山本さん,やまもとさん,やまほんさん,さんほんさん,さんぼんさん,,,,,,,,,,,,,,,,,,,,,,,,,,,,,,,,
N5,文字,漢字読み,7章,易,らい月　だいがくの　しけんが　あります。,だいがく,大学,木学,大字,木字,,月　げつ,,,,,,,,,,,,,,,,,,,,,,,,,,,,,,
N5,文字,漢字読み,7章,易,学校の　もんの　まえで　しゃしんを　とりましょう。,もん,門,人,内,竹,,学校　がっこう,,,,,,,,,,,,,,,,,,,,,,,,,,,,,
N5,文字,漢字読み,7章,易,わたしには　しょうがくせいの　いもうとが　います。,しょうがくせい,小学生,中学生,高学生,大学生,,,,,,,,,,,,,,,,,,,,,,,,,,,,,,
N5,文字,漢字読み,7章,易,でぐちは　まっすぐ　いって　右にあります。,でぐち,出口,外口,足口,入口,,右　みぎ,,,,,,,,,,,,,,,,,,,,,,,,,,,,,
N5,文字,漢字読み,7章,易,くつを　ぬいで　へやに　はいってください。,はいって,入って,人って,内って,中って,,,,,,,,,,,,,,,,,,,,,,,,,,,,,,
N5,文字,漢字読み,7章,易,やすみの　日に　ともだちと　えいがに　いきました。,ともだち,友だち,右だち,石だち,左だち,,日　ひ,,,,,,,,,,,,,,,,,,,,,,,,,,,,,
N5,文字,漢字読み,7章,易,石田さんの　うちは　とても　おおきいです。,おおきい,大きい,小きい,上きい,高きい,,石田　いしだ,,,,,,,,,,,,,,,,,,,,,,,,,,,,
N5,文字,漢字読み,7章,易,このビルの　いりぐちは　あちらです。,いりぐち,入り口,人り口,入り内,人り内,,,,,,,,,,,,,,,,,,,,,,,,,,,,
N5,文字,漢字読み,7章,易,へやを　でて　トイレへ　いきました。,でて,出て,外て,手て,足て,,,,,,,,,,,,,,,,,,,,,,,,,,,,,
N5,文字,漢字読み,7章,易,このみせの　ようふくは　たかいです。,たかい,高い,小い,大い,上い,,,,,,,,,,,,,,,,,,,,,,,,,,,,,,
N5,文字,漢字読み,7章,易,入学しきに　スーツを　きます。,入学しき,にゅうがくしき,にんがくしき,いりがくしき,ひとがくしき,,,,,,,,,,,,,,,,,,,,,,,,,,,,,
N5,文字,漢字読み,7章,易,ぶちょうは　いま　外出中です。,外出中,がいしゅつちゅう,がいしゅちゅう,がいしゅつじゅう,がいしゅじゅう,,,,,,,,,,,,,,,,,,,,,,,,,,,,,,
N5,文字,漢字読み,7章,易,パスポートは　大せつです。なくさないでください。,大せつ,たいせつ,だいせつ,おおせつ,おうせつ,,,,,,,,,,,,,,,,,,,,,,,,,,,,
N5,文字,漢字読み,7章,易,山田さんには　高校生の　むすこが　います。,高校生,こうこうせい,ここうせい,こうこせい,こううせい,,山田　やまだ,,,,,,,,,,,,,,,,,,,,,,,,,,
N5,文字,漢字読み,7章,易,うちの　ちかくに　小学校が　あります。,小学校,しょうがっこう,しょがっこう,しょうがくこう,しょがくこう,,,,,,,,,,,,,,,,,,,,,,,,,,,
N5,文字,漢字読み,7章,易,わたしは　小さい　いぬを　かっています。,小さい,ちいさい,ちさい,ちいいさい,ちささい,,,,,,,,,,,,,,,,,,,,,,,,,,,
N5,文字,漢字読み,7章,易,コーヒーに　さとうを　入れて　のみます。,入れて,いれて,いいれて,はれて,はいれて,,,,,,,,,,,,,,,,,,,,,,,,,,,,
N5,文字,漢字読み,7章,易,９じまでに　ごみを　出してください。,出して,だして,づして,でして,じして,,,,,,,,,,,,,,,,,,,,,,,,,,,,,
N5,文字,漢字読み,7章,易,川上さんは　むかしからの　しん友です。,しん友,しんゆう,しんよう,しんとも,しんども,,川上　かわかみ,,,,,,,,,,,,,,,,,,,,,,,,,,,,,
N5,文字,漢字読み,7章,易,りょうりの　入門しょを　かいました。,入門しょ,にゅうもんしょ,にゅもんしょ,にょうもんしょ,にょもんしょ,,,,,,,,,,,,,,,,,,,,,,,,,,,,,
N5,文字,表記,8章,易,ははのひに　花たばを　あげました。,ははのひ,母の日,母の目,父の日,父の目,,花　はな,,,,,,,,,,,,,,,,,,,,,,,,,,,,,,,
N5,文字,表記,8章,易,クラスに　だんしがくせいが　十人います。,だんしがくせい,男子学生,男子字生,女子学生,女子字生,,十人　じゅうにん,,,,,,,,,,,,,,,,,,,,,,,,,,,,,,,,,
N5,文字,表記,8章,易,たんじょうびに　こいぬを　もらいました。,こいぬ,子犬,子大,子木,子人,,,,,,,,,,,,,,,,,,,,,,,,,,,,,,,,
N5,文字,表記,8章,易,わたしの　そふは　まいあさ　さんぽを　します。,そふ,そ父,そ母,そ女,そ男,,,,,,,,,,,,,,,,,,,,,,,,,,,,,,,,,
N5,文字,表記,8章,易,入り口に　おんなのひとが　たっています。,おんなのひと,女の人,男の人,女の入,男の入,,入　い,口　ぐち,,,,,,,,,,,,,,,,,,,,,,,,,,,,,,,,
N5,文字,表記,8章,易,こうえんで　おとこのこが　あそんでいます。,おとこのこ,男の子,女の子,田の子,力の子,,,,,,,,,,,,,,,,,,,,,,,,,,,,,,,,
N5,文字,表記,8章,易,じょしトイレは　こうえんの　中に　あります。,じょし,女子,女字,男子,男字,,中　なか,,,,,,,,,,,,,,,,,,,,,,,,,,,,,,,,
N5,文字,表記,8章,易,わたしの　ちちは　とても　やさしい　人です。,ちち,父,母,生,先,,人　ひと,,,,,,,,,,,,,,,,,,,,,,,,,,,,,,,,
N5,文字,表記,8章,易,うちで　ことりを　かっています。,ことり,小鳥,大鳥,子犬,高犬,,,,,,,,,,,,,,,,,,,,,,,,,,,,,,,,
N5,文字,表記,8章,易,あなたの　ぼこうは　どちらですか。,ぼこう,母校,母高,父校,父高,,,,,,,,,,,,,,,,,,,,,,,,,,,,,,,,,
N5,文字,漢字読み,8章,易,みずうみに　たくさんの　はく鳥が　います。,はく鳥,はくちょう,はくぢょう,はくとり,はくどり,,,,,,,,,,,,,,,,,,,,,,,,,,,,,,
N5,文字,漢字読み,8章,易,山田さんの　お父さんは　りょうりが　じょうずです。,お父さん,おとうさん,おとおさん,おうとさん,おっとさん,,山田　やまだ,,,,,,,,,,,,,,,,,,,,,,,,,,,,,,,,
N5,文字,漢字読み,8章,易,もうどう犬は　みせに　入ることが　できます。,もうどう犬,もうどうけん,もうどういぬ,もうどうだい,もうどうじん,,入　はい,,,,,,,,,,,,,,,,,,,,,,,,,,,,,,
N5,文字,漢字読み,8章,易,やすみの日に　子どもと　あそびます。,子ども,こども,ごども,しども,じども,,日　ひ,,,,,,,,,,,,,,,,,,,,,,,,,,,,,,
N5,文字,漢字読み,8章,易,うけつけに　男せいが　います。,男せい,だんせい,なんせい,おとせい,でんせい,,,,,,,,,,,,,,,,,,,,,,,,,,,,,,
N5,文字,漢字読み,8章,易,きのう　かの女と　デートしました。,かの女,かのじょ,かのじょう,かのじゅ,かのじゅう,,,,,,,,,,,,,,,,,,,,,,,,,,,,,,,
N5,文字,漢字読み,8章,易,わたしは　三人きょうだいの　ちょう男です。,ちょう男,ちょうなん,ちょうだん,ちょうじょ,ちょうじゅ,,三人　さんにん,,,,,,,,,,,,,,,,,,,,,,,,,,,,,,,
N5,文字,漢字読み,8章,易,くやくしょで　母子てちょうを　もらいました。,母子てちょう,ぼしてちょう,もしてちょう,ぼうしてちょう,もうしてちょう,,,,,,,,,,,,,,,,,,,,,,,,,,,,,,,,
N5,文字,漢字読み,8章,易,お母さんの　しごとは　なんですか。,お母さん,おかあさん,おははさん,おぼさん,おふさん,,,,,,,,,,,,,,,,,,,,,,,,,,,,,,,,
N5,文字,漢字読み,8章,易,このクラスは　男女　あわせて　二十人です。,男女,だんじょ,なんじょ,だんじょう,なんじょう,,二十人　にじゅうにん,,,,,,,,,,,,,,,,,,,,,,,,,,,,,,,,
N5,文字,表記,9章,易,くるまの　こうじょうを　げんがくします。,けんがく,見学,目学,見字,目字,,,,,,,,,,,,,,,,,,,,,,,,,,,,,,,,,,,,,,,,
N5,文字,表記,9章,易,せんしゅう　はじめて　はなみを　しました。,はなみ,花見,花目,花火,花木,,,,,,,,,,,,,,,,,,,,,,,,,,,,,,,,,,,,,,,,,,,,,,,
N5,文字,表記,9章,易,ラジオで　日本の　おんがくを　ききました。,ききました,聞きました,見きました,来きました,帰きました,,日本　にほん,,,,,,,,,,,,,,,,,,,,,,,,,,,,,,,,,,,,,,,,
N5,文字,表記,9章,易,わたしは　まい日　でんしゃで　学校へ　きます。,きます,来ます,帰ます,行ます,入ます,,日　にち,学校　がっこう,,,,,,,,,,,,,,,,,,,,,,,,,,,,,,,,,,,,,,,,
N5,文字,表記,9章,易,きゅうじつに　こうえんを　さんぽします。,きゅうじつ,休日,体日,本日,木日,,,,,,,,,,,,,,,,,,,,,,,,,,,,,,,,,,,,,,,,,
N5,文字,表記,9章,易,りょうしんと　ほっかいどうへ　いきました。,いきました,行きました,来きました,帰きました,聞きました,,,,,,,,,,,,,,,,,,,,,,,,,,,,,,,,,,,,,,,,,,
N5,文字,表記,9章,易,なつやすみに　うみで　およぎます。,なつやすみ,なつ休み,なつ体み,なつ本み,なつ木み,,,,,,,,,,,,,,,,,,,,,,,,,,,,,,,,,,,,,,,,,,,
N5,文字,表記,9章,易,わたしは　りょこうが　すきです。,りょこう,りょ行,りょ休,りょ立,りょ来,,,,,,,,,,,,,,,,,,,,,,,,,,,,,,,,,,,,,,,,,,,,
N5,文字,表記,9章,易,きのう　６じに　うちへ　かえりました。,かえりました,帰りました,入りました,行りました,来りました,,,,,,,,,,,,,,,,,,,,,,,,,,,,,,,,,,,,,,,,,,,,,
N5,文字,表記,9章,易,こうさてんに　けいさつかんが　たっています。,たって,立って,田って,体って,見って,,,,,,,,,,,,,,,,,,,,,,,,,,,,,,,,,,,,,,,,,,,,,,
N5,文字,漢字読み,9章,易,まいばん　うちで　テレビを　見ます。,見ます,みます,きます,めます,います,,,,,,,,,,,,,,,,,,,,,,,,,,,,,,,,,,
N5,文字,漢字読み,9章,易,あす　ごご２じから　かいぎを　行います。,行います,おこないます,ぎょういます,いきいます,こういます,,,,,,,,,,,,,,,,,,,,,,,,,,,,,,,,,,,,,,,
N5,文字,漢字読み,9章,易,来しゅう　友だちに　あいます。,来しゅう,らいしゅう,こいしゅう,くるしゅう,きいしゅう,,友　とも,,,,,,,,,,,,,,,,,,,,,,,,,,,,,,,,,,
N5,文字,漢字読み,9章,易,ながい　行れつに　ならびます。,行れつ,ぎょうれつ,ぎゅうれつ,こうれつ,いくれつ,,,,,,,,,,,,,,,,,,,,,,,,,,,,,,,,,,,
N5,文字,漢字読み,9章,易,わたしは　こく立大学に　かよっています。,こく立大学,こくりつだいがく,こくりつたいがく,こくたちだいがく,こくたちたいがく,,,,,,,,,,,,,,,,,,,,,,,,,,,,,,,,,,,,
N5,文字,漢字読み,9章,易,まいあさ　しん聞を　よみます。,しん聞,しんぶん,しんもん,しんきく,しんみみ,,,,,,,,,,,,,,,,,,,,,,,,,,,,,,,,,,,,,
N5,文字,漢字読み,9章,易,いつ　帰こく　しますか。,帰こく,きこく,いこく,きいこく,かえこく,,,,,,,,,,,,,,,,,,,,,,,,,,,,,,,,,,,,,,
N5,文字,漢字読み,9章,易,わたしは　３月に　来日しました。,来日,らいにち,らいじつ,くるにち,くるじつ,,月,,,,,,,,,,,,,,,,,,,,,,,,,,,,,,,,,,,,,,
N5,文字,漢字読み,9章,易,３じです。すこし　休みましょう。,休み,やすみ,もずみ,たいみ,だいみ,,,,,,,,,,,,,,,,,,,,,,,,,,,,,,,,,,,,,,
N5,文字,漢字読み,9章,易,「きょう　パーティーに　来ない。」「うん　行く。」,来ない,こない,きない,くない,かない,,行　い,,,,,,,,,,,,,,,,,,,,,,,,,,,,,,,,,,,,,,
